C1,C2,C3,P
0.0,0.0,0.3603,0
0.0,0.093,0.3603,0
0.0,0.0698,0.3603,0
0.0,0.1628,0.3609,0
0.0,0.0,0.3609,0
0.0,0.093,0.3609,0
0.0,0.1163,0.3337,0
0.0,0.0233,0.3337,0
0.0,0.0,0.3609,0
0.0,0.0698,0.3603,0
0.0,0.0,0.3603,0
0.0,0.0233,0.3597,0
0.0,0.0465,0.3603,0
0.0,0.0233,0.3603,0
0.0,0.0,0.3603,0
0.0,0.0,0.3609,0
0.0,0.1163,0.3603,0
0.0,0.0,0.3609,0
0.0,0.0,0.3597,0
0.0,0.0,0.3603,0
0.0,0.0,0.3609,0
0.0,0.1163,0.3609,0
0.0,0.0,0.3609,0
0.0,0.2326,0.3603,0
0.0,0.093,0.3603,0
0.0,0.4651,0.36760000000000004,0
0.0,0.1163,0.3603,0
0.0,0.0233,0.3222,0
0.0,0.0,0.3603,0
0.0,0.0233,0.3609,0
0.0,0.0465,0.3609,0
0.0,0.0,0.3603,0
0.0,0.1163,0.3603,0
0.0,0.0,0.3603,0
0.0,0.0,0.3609,0
0.0,0.0,0.3603,0
0.0,0.0,0.3603,0
0.0,0.186,0.5005999999999999,0
0.0,0.1395,0.347,0
0.0,0.0465,0.3392,0
0.0,0.0233,0.3603,0
0.0,0.0,0.3609,0
0.0,0.0,0.3603,0
0.0,0.41859999999999997,0.31620000000000004,0
0.0,0.0698,0.3609,0
0.0,0.0233,0.3603,0
0.0,0.0,0.3603,0
0.0,0.0,0.3609,0
0.0,0.0,0.3609,0
0.0,0.2558,0.3609,0
0.0,0.0233,0.35609999999999997,0
0.0,0.0698,0.3603,0
0.0,0.0,0.3609,0
0.0,0.0,0.3603,0
0.0,0.0,0.3603,0
0.0,0.0,0.3603,0
0.0,0.0,0.3609,0
0.0,0.0465,0.3603,0
0.0,0.0465,0.3815,0
0.0,0.186,0.3422,0
0.0,0.0465,0.3603,0
0.0,0.093,0.3609,0
0.0,0.2558,0.3603,0
0.0,0.0465,0.3597,0
0.0,0.0698,0.3609,0
0.0,0.0233,0.3603,0
0.0,0.0,0.3603,0
0.18180000000000002,0.3256,0.3609,0
0.0,0.0698,0.26480000000000004,0
0.0,0.0233,0.3609,0
0.0,0.0,0.3609,0
0.0,0.0465,0.3458,0
0.0,0.0465,0.3603,0
0.0,0.0,0.3603,0
0.0,0.0,0.3597,0
0.0,0.2326,0.3609,0
0.0,0.0698,0.3609,0
0.0,0.1163,0.3392,0
0.0,0.0,0.3609,0
0.0,0.186,0.3597,0
0.0,0.0,0.3603,0
0.0,0.0,0.3585,0
0.0,0.1395,0.3609,0
0.0,0.0233,0.3603,0
0.0,0.0465,0.3603,0
0.0,0.0233,0.3603,0
0.0,0.1163,0.3603,0
0.0,0.0698,0.3567,0
0.0,0.0,0.3603,0
0.0,0.0698,0.3609,0
0.0,0.1628,0.3603,0
0.0,0.0,0.3609,0
0.0,0.0,0.3603,0
0.0,0.0465,0.3452,0
0.0,0.0,0.3603,0
0.0,0.0233,0.3603,0
0.0,0.0465,0.3476,0
0.0,0.186,0.3609,0
0.0,0.0465,0.3543,0
0.0,0.0233,0.3603,0
0.0,0.2558,0.19890000000000002,0
0.0,0.0465,0.3603,0
0.0,0.0,0.3609,0
0.0,0.0233,0.3114,0
0.0,0.1163,0.3603,0
0.0,0.0,0.3609,0
0.0,0.0233,0.3585,0
0.0,0.0233,0.3585,0
0.0,0.0,0.3603,0
0.09090000000000001,0.0233,0.3603,0
0.0,0.0233,0.3603,0
0.0,0.0698,0.3609,0
0.0,0.0,0.3603,0
0.0,0.093,0.3603,0
0.0,0.0698,0.3603,0
0.0,0.093,0.3603,0
0.0,0.0233,0.3603,0
0.0,0.0,0.3603,0
0.0,0.2326,0.3609,0
0.2727,0.093,0.3603,0
0.0,0.0233,0.3609,0
0.0,0.1163,0.3603,0
0.0,0.0,0.3609,0
0.0,0.0,0.3609,0
0.0,0.0,0.3609,0
0.0,0.1395,0.3603,0
0.0,0.0233,0.3603,0
0.0,0.20929999999999999,0.3603,0
0.09090000000000001,0.0233,0.3603,0
0.0,0.093,0.2763,0
0.0,0.0698,0.3482,0
0.0,0.0,0.3597,0
0.0,0.0465,0.3537,0
0.0,0.0,0.3603,0
0.0,0.0,0.3597,0
0.0,0.0465,0.3585,0
0.0,0.0465,0.3603,0
0.09090000000000001,0.1395,0.21639999999999998,0
0.0,0.0,0.3603,0
0.0,0.0,0.3597,0
0.0,0.20929999999999999,0.3609,0
0.0,0.0465,0.35309999999999997,0
0.0,0.0,0.3609,0
0.0,0.0,0.3603,0
0.0,0.0,0.4377,0
0.0,0.0233,0.3579,0
0.0,0.0233,0.3603,0
0.0,0.0,0.3603,0
0.0,0.093,0.3271,0
0.0,0.093,0.3609,0
0.0,0.0698,0.3609,0
0.0,0.0,0.3603,0
0.0,0.0,0.3597,0
0.0,0.0233,0.3603,0
0.0,0.1163,0.315,0
0.0,0.0,0.3609,0
0.0,0.0698,0.3603,0
0.0,0.0,0.3603,0
0.0,0.0,0.3603,0
0.0,0.1628,0.35309999999999997,0
0.0,0.1163,0.3603,0
0.0,0.0698,0.3609,0
0.0,0.0233,0.3603,0
0.0,0.0,0.3609,0
0.0,0.0,0.3603,0
0.0,0.0465,0.3597,0
0.0,0.0233,0.3603,0
0.0,0.2326,0.3609,0
0.0,0.0,0.3603,0
0.0,0.0465,0.3603,0
0.0,0.093,0.3603,0
0.0,0.0465,0.3603,0
0.0,0.0,0.3573,0
0.0,0.0,0.3585,0
0.0,0.0233,0.3748,0
0.0,0.0465,0.3319,0
0.0,0.0,0.3603,0
0.0,0.0,0.3603,0
0.0,0.0233,0.6669,0
0.0,0.0,0.3603,0
0.0,0.0698,0.3603,0
0.0,0.0,0.3603,0
0.0,0.1628,0.3609,0
0.0,0.093,0.2703,0
0.0,0.0233,0.5447,0
0.0,0.0698,0.3603,0
0.0,0.0465,0.3603,0
0.0,0.0,0.3603,0
0.0,0.0,0.3603,0
0.0,0.0,0.3603,0
0.0,0.0233,0.3603,0
0.0,0.0,0.3609,0
0.0,0.0,0.3609,0
0.0,0.0465,0.3603,0
0.0,0.0233,0.3609,0
0.0,0.4419,0.3603,0
0.0,0.0,0.3603,0
0.0,0.0698,0.3603,0
0.0,0.0465,0.3609,0
0.2727,0.0465,0.3609,0
0.0,0.0,0.3591,0
0.0,0.0233,0.3567,0
0.0,0.0,0.3603,0
0.0,0.0233,0.3603,0
0.0,0.0,0.3609,0
0.0,0.0,0.3603,0
0.09090000000000001,0.0233,0.3603,0
0.0,0.0,0.3597,0
0.0,0.0465,0.3603,0
0.0,0.0233,0.3603,0
0.0,0.0465,0.3603,0
0.0,0.093,0.3603,0
0.0,0.0465,0.3609,0
0.09090000000000001,0.0,0.3609,0
0.0,0.0698,0.3603,0
0.0,0.1395,0.3603,0
0.0,0.0,0.3603,0
0.0,0.0,0.3603,0
0.0,0.0698,0.3942,0
0.0,0.0,0.3603,0
0.0,0.0698,0.3603,0
0.0,0.0,0.3603,0
0.0,0.0233,0.3603,0
0.0,0.0,0.3603,0
0.0,0.0233,0.4407,0
0.0,0.0,0.3591,0
0.0,0.0233,0.3609,0
0.0,0.20929999999999999,0.3712,0
0.0,0.0698,0.3603,0
0.0,0.0,0.3603,0
0.0,0.0,0.3603,0
0.0,0.0,0.3603,0
0.09090000000000001,0.0465,0.3609,0
0.0,0.0,0.3597,0
0.0,0.0233,0.3609,0
0.0,0.0,0.3603,0
0.0,0.0,0.3603,0
0.0,0.0465,0.3597,0
0.0,0.0465,0.33740000000000003,0
0.0,0.0233,0.3519,0
0.0,0.0,0.3603,0
0.0,0.0233,0.3609,0
0.0,0.0465,0.3597,0
0.0,0.0465,0.3458,0
0.0,0.0,0.3603,0
0.0,0.3023,0.3603,0
0.0,0.0,0.3603,0
0.0,0.0,0.3603,0
0.0,0.0,0.3603,0
0.0,0.0,0.3603,0
0.6364,0.0698,0.3603,0
0.2727,0.0233,0.3603,0
0.0,0.0,0.3603,0
0.0,0.0233,0.3489,0
0.0,0.0,0.3603,0
0.0,0.0,0.3603,0
0.0,0.0465,0.3507,0
0.0,0.0233,0.3603,0
0.0,0.0233,0.3603,0
0.0,0.4419,0.3603,0
0.0,0.0233,0.3609,0
0.0,0.0,0.3603,0
0.0,0.0,0.3603,0
0.0,0.0,0.3603,0
0.0,0.1163,0.3585,0
0.0,0.0233,0.3609,0
0.0,0.0,0.3603,0
0.09090000000000001,0.0233,0.3482,0
0.0,0.093,0.3603,0
0.0,0.1163,0.3603,0
0.0,0.0233,0.3537,0
0.0,0.0,0.3603,0
0.0,0.0465,0.3349,0
0.0,0.1628,0.266,0
0.0,0.2558,0.3603,0
0.0,0.2558,0.3464,0
0.0,0.0233,0.3603,0
0.0,0.0698,0.3603,0
0.0,0.0,0.3603,0
0.0,0.0,0.3603,0
0.0,0.0233,0.3688,0
0.0,0.0465,0.3603,0
0.0,0.0465,0.3603,0
0.0,0.0,0.3609,0
0.0,0.0,0.3609,0
0.0,0.0,0.3597,0
0.0,0.2558,0.3591,0
0.0,0.0233,0.3603,0
0.0,0.0233,0.3609,0
0.0,0.0233,0.3603,0
0.0,0.0,0.3603,0
0.0,0.0,0.3609,0
0.0,0.0,0.3579,0
0.0,0.0,0.3603,0
0.0,0.0698,0.3591,0
0.0,0.0,0.3603,0
0.0,0.0,0.3603,0
0.0,0.0465,0.3603,0
0.0,0.1163,0.3603,0
0.0,0.0,0.3609,0
0.0,0.5349,0.3603,0
0.0,0.0465,0.3603,0
0.0,0.0,0.3603,0
0.0,0.1163,0.3603,0
0.0,0.0,0.3591,0
0.0,0.1395,0.3603,0
0.09090000000000001,0.0698,0.3603,0
0.0,0.0,0.3603,0
0.0,0.0233,0.3603,0
0.0,0.20929999999999999,0.31020000000000003,0
0.0,0.0,0.3591,0
0.0,0.0233,0.23820000000000002,0
0.0,0.0,0.3603,0
0.0,0.0,0.3603,0
0.0,0.0233,0.3446,0
0.0,0.0,0.3603,0
0.0,0.0,0.3579,0
0.0,0.1163,0.3603,0
0.0,0.0233,0.3313,0
0.0,0.0465,0.3603,0
0.0,0.093,0.4123,0
0.0,0.0,0.3603,0
0.0,0.0,0.3603,0
0.0,0.0465,0.3428,0
0.0,0.0,0.3603,0
0.0,0.0233,0.2938,0
0.0,0.0233,0.3573,0
0.0,0.0,0.3603,0
0.0,0.0,0.3603,0
0.0,0.1163,0.3603,0
0.09090000000000001,0.0465,0.3609,0
0.0,0.0698,0.3603,0
0.0,0.0233,0.35550000000000004,0
0.0,0.0,0.3609,0
0.0,0.0465,0.3603,0
0.0,0.1395,0.2848,0
0.0,0.0465,0.3609,0
0.0,0.20929999999999999,0.27990000000000004,0
0.0,0.0465,0.3603,0
0.0,0.0,0.3603,0
0.0,0.0,0.3597,0
0.0,0.0233,0.3482,0
0.0,0.0,0.3603,0
0.2727,0.186,0.3609,0
0.0,0.0233,0.3603,0
0.0,0.0,0.3603,0
0.0,0.0,0.3603,0
0.0,0.0,0.3609,0
0.09090000000000001,0.1628,0.3603,0
0.0,0.0465,0.3603,0
0.0,0.0,0.3603,0
0.0,0.0,0.3609,0
0.0,0.0,0.3603,0
0.0,0.0,0.3609,0
0.0,0.0233,0.3609,0
0.0,0.0465,0.3603,0
0.0,0.0,0.3603,0
0.0,0.0698,0.3597,0
0.0,0.0233,0.3489,0
0.0,0.0,0.3609,0
0.0,0.0465,0.3615,0
0.0,0.1395,0.4317,0
0.0,0.0,0.3603,0
0.0,0.3256,0.3603,0
0.0,0.0233,0.35550000000000004,0
0.0,0.1628,0.35009999999999997,0
0.0,0.0233,0.3567,0
0.0,0.0233,0.3603,0
0.0,0.0698,0.3356,0
0.0,0.0,0.3603,0
0.0,0.0465,0.3609,0
0.0,0.0,0.3609,0
0.0,0.0698,0.3603,0
0.0,0.0465,0.34040000000000004,0
0.0,0.0,0.3603,0
0.18180000000000002,0.0233,0.3603,0
0.0,0.0465,0.3603,0
0.0,0.0698,0.3271,0
0.0,0.0698,0.3422,0
0.0,0.0233,0.3603,0
0.0,0.0465,0.3603,0
0.0,0.0,0.3603,0
0.0,0.093,0.2025,0
0.0,0.0233,0.3603,0
0.0,0.0465,0.3603,0
0.0,0.0,0.3609,0
0.0,0.6512,0.3089,0
0.0,0.1163,0.344,0
0.0,0.0,0.3609,0
0.0,0.0,0.3603,0
0.0,0.0465,0.3603,0
0.0,0.0465,0.21339999999999998,0
0.0,0.1163,0.4117,0
0.0,0.0,0.3603,0
0.0,0.0,0.3603,0
0.0,0.0,0.3603,0
0.0,0.1163,0.1723,0
0.0,0.093,0.3609,0
0.0,0.0,0.3603,0
0.0,0.0,0.3603,0
0.0,0.3721,0.3609,0
0.0,0.0,0.3603,0
0.0,0.0233,0.3603,0
0.0,0.0698,0.3603,0
0.0,0.1163,0.3597,0
0.0,0.0,0.3609,0
0.0,0.0465,0.3603,0
0.0,0.0233,0.3603,0
0.0,0.0,0.3603,0
0.0,0.0,0.3603,0
0.0,0.1395,0.3609,0
0.0,0.0,0.3603,0
0.0,0.20929999999999999,0.3603,0
0.0,0.0465,0.3603,0
0.0,0.0465,0.3603,0
0.0,0.093,0.4123,0
0.0,0.3023,0.3029,0
0.0,0.0465,0.3603,0
0.0,0.0,0.3603,0
0.0,0.0,0.3603,0
0.0,0.0,0.3609,0
0.0,0.093,0.3549,0
0.0,0.0465,0.35009999999999997,0
0.0,0.2791,0.3337,0
0.09090000000000001,0.0698,0.3603,0
0.0,0.0,0.3567,0
0.0,0.1628,0.3603,0
0.0,0.0,0.3603,0
0.0,0.0,0.3609,0
0.0,0.1628,0.30169999999999997,0
0.0,0.0,0.3597,0
0.0,0.0,0.3603,0
0.0,0.1163,0.3591,0
0.0,0.0233,0.312,0
0.0,0.0698,0.3603,0
0.0,0.0,0.3603,0
0.0,0.0233,0.3609,0
0.0,0.0,0.3591,0
0.0,0.0,0.3603,0
0.0,0.0465,0.3489,0
0.0,0.0465,0.3603,0
0.0,0.0,0.3609,0
0.0,0.0,0.3603,0
0.0,0.0233,0.3603,0
0.0,0.0465,0.3603,0
0.0,0.0465,0.3313,0
0.0,0.2326,0.3603,0
0.0,0.0,0.3603,0
0.0,0.1628,0.3603,0
0.0,0.0,0.3603,0
0.0,0.1163,0.3603,0
0.0,0.0233,0.3428,0
0.0,0.2326,0.3603,0
0.0,0.093,0.3603,0
0.0,0.1395,0.2001,0
0.0,0.0233,0.3603,0
0.0,0.0465,0.3337,0
0.09090000000000001,0.0465,0.2437,0
0.0,0.0,0.3603,0
0.0,0.0698,0.3476,0
0.0,0.0465,0.3609,0
0.0,0.093,0.3603,0
0.0,0.3953,0.4643,0
0.0,0.2791,0.4583,0
0.0,0.0233,0.3603,0
0.0,0.0,0.3603,0
0.0,0.0,0.3603,0
0.0,0.0233,0.3609,0
0.0,0.0698,0.3603,0
0.09090000000000001,0.0465,0.3603,0
0.0,0.1395,0.3603,0
0.0,0.1628,0.3603,0
0.2727,0.0233,0.3416,0
0.0,0.0,0.3603,0
0.0,0.0,0.3609,0
0.0,0.0,0.3603,0
0.0,0.0,0.3603,0
0.0,0.0465,0.3603,0
0.0,0.093,0.3603,0
0.0,0.0233,0.3603,0
0.0,0.0,0.3603,0
0.0,0.0,0.3603,0
0.0,0.0465,0.3422,0
0.0,0.2558,0.5091,0
0.0,0.186,0.3398,0
0.0,0.093,0.3603,0
0.0,0.2326,0.3906,0
0.0,0.0,0.3603,0
0.0,0.0,0.3609,0
0.09090000000000001,0.20929999999999999,0.347,0
0.0,0.0,0.3609,0
0.0,0.0698,0.3603,0
0.0,0.1395,0.3603,0
0.0,0.0233,0.3543,0
0.0,0.0233,0.3603,0
0.0,0.3721,0.3198,0
0.0,0.0698,0.3603,0
0.0,0.0233,0.3603,0
0.0,0.0,0.3603,0
0.0,0.0465,0.3603,0
0.0,0.0,0.3603,0
0.0,0.20929999999999999,0.3603,0
0.09090000000000001,0.0698,0.2884,0
0.09090000000000001,0.20929999999999999,0.3609,0
0.0,0.0233,0.3603,0
0.0,0.0,0.3609,0
0.0,0.0465,0.3585,0
0.0,0.20929999999999999,0.3603,0
0.0,0.0,0.3609,0
0.0,0.0233,0.3603,0
0.0,0.5581,0.3392,0
0.0,0.0,0.3609,0
0.0,0.3488,0.3603,0
0.0,0.0465,0.3603,0
0.0,0.0233,0.1457,0
0.0,0.0233,0.3603,0
0.0,0.0,0.3603,0
0.0,0.093,0.3392,0
0.0,0.0465,0.3603,0
0.0,0.0698,0.3603,0
0.0,0.0,0.3603,0
0.0,0.0,0.3609,0
0.0,0.2326,0.3603,0
0.0,0.0,0.3597,0
0.0,0.0,0.3603,0
0.0,0.0465,0.3603,0
0.0,0.0233,0.3603,0
0.0,0.0,0.3609,0
0.0,0.186,0.3609,0
0.0,0.0233,0.1784,0
0.0,0.0,0.3603,0
0.0,0.093,0.3603,0
0.0,0.1628,0.3603,0
0.0,0.0,0.3603,0
0.0,0.0,0.3603,0
0.0,0.0465,0.3126,0
0.0,0.0698,0.3603,0
0.0,0.0465,0.3603,0
0.0,0.0233,0.3603,0
0.0,0.0465,0.3591,0
0.0,0.0,0.3609,0
0.0,0.0,0.3603,0
0.0,0.0,0.3603,0
0.0,0.0,0.3603,0
0.0,0.0465,0.3591,0
0.18180000000000002,0.0,0.3603,0
0.0,0.0,0.3591,0
0.0,0.0,0.3609,0
0.09090000000000001,0.093,0.3609,0
0.0,0.0233,0.3349,0
0.0,0.0698,0.3603,0
0.0,0.0,0.3603,0
0.0,0.0465,0.3416,0
0.0,0.0698,0.3398,0
0.0,0.0465,0.3603,0
0.0,0.6512,0.3603,0
0.0,0.0,0.3603,0
0.0,0.0233,0.3597,0
0.0,0.0233,0.3603,0
0.09090000000000001,0.0,0.3603,0
0.09090000000000001,0.0,0.3603,0
0.0,0.0,0.3603,0
0.0,0.0,0.3603,0
0.0,0.0233,0.3603,0
0.0,0.3023,0.3603,0
0.0,0.0,0.3603,0
0.0,0.0465,0.3307,0
0.0,0.0465,0.3609,0
0.0,0.0698,0.3065,0
0.0,0.0698,0.5212,0
0.0,0.2558,0.4426,0
0.0,0.0,0.3603,0
0.09090000000000001,0.0698,0.15239999999999998,0
0.0,0.0698,0.3603,0
0.0,0.0,0.3603,0
0.0,0.0,0.3603,0
0.0,0.0,0.3603,0
0.0,0.0,0.3603,0
0.0,0.0233,0.3609,0
0.0,0.0465,0.3277,0
0.0,0.0,0.3603,0
0.0,0.0,0.3603,0
0.18180000000000002,0.0,0.3603,0
0.0,0.093,0.3603,0
0.0,0.1163,0.3603,0
0.0,0.0,0.3603,0
0.0,0.0,0.3603,0
0.0,0.0,0.3609,0
0.0,0.0233,0.3603,0
0.0,0.0465,0.3603,0
0.0,0.186,0.3603,0
0.0,0.0,0.3603,0
0.0,0.0,0.3609,0
0.0,0.5116,0.3603,0
0.0,0.093,0.3597,0
0.0,0.1628,0.3603,0
0.0,0.0233,0.3392,0
0.0,0.4651,0.5435,0
0.0,0.1395,0.3609,0
0.0,0.0,0.3603,0
0.0,0.1395,0.3458,0
0.0,0.0,0.3603,0
0.0,0.0,0.3603,0
0.0,0.0233,0.3591,0
0.0,0.0233,0.3603,0
0.0,0.0,0.3603,0
0.0,0.0465,0.3603,0
0.09090000000000001,0.41859999999999997,0.3603,0
0.09090000000000001,0.0465,0.3603,0
0.0,0.0698,0.3603,0
0.0,0.0,0.3603,0
0.0,0.1163,0.3609,0
0.0,0.1395,0.3603,0
0.09090000000000001,0.0,0.3603,0
0.0,0.0465,0.3603,0
0.09090000000000001,0.1163,0.3609,0
0.0,0.0,0.3609,0
0.0,0.0698,0.3603,0
0.0,0.0233,0.3609,0
0.0,0.0,0.3603,0
0.0,0.0,0.3603,0
0.0,0.0,0.3603,0
0.0,0.0,0.3609,0
0.0,0.0,0.3603,0
0.0,0.0,0.3603,0
0.0,0.20929999999999999,0.3603,0
0.0,0.0233,0.3597,0
0.0,0.0,0.3609,0
0.0,0.0233,0.3609,0
0.0,0.0,0.3609,0
0.0,0.1628,0.3609,0
0.0,0.0233,0.3609,0
0.0,0.093,0.3609,0
0.0,0.0465,0.3603,0
0.0,0.0,0.3603,0
0.0,0.0,0.3603,0
0.0,0.0233,0.3573,0
0.0,0.0233,0.3851,0
0.0,0.0,0.3603,0
0.0,0.0233,0.3603,0
0.0,0.0,0.3603,0
0.0,0.0698,0.3609,0
0.0,0.0,0.3609,0
0.0,0.0,0.3603,0
0.0,0.6977,0.3603,0
0.0,0.0698,0.33740000000000003,0
0.0,0.1628,0.7273000000000001,0
0.0,0.0465,0.2237,0
0.0,0.0465,0.19290000000000002,0
0.0,0.3721,0.3585,0
0.0,0.20929999999999999,0.3603,0
0.0,0.0,0.3609,0
0.0,0.0,0.3603,0
0.0,0.0233,0.33740000000000003,0
0.0,0.20929999999999999,0.3356,0
0.0,0.1163,0.3603,0
0.0,0.0,0.3597,0
0.0,0.3721,0.3603,0
0.0,0.0,0.3603,0
0.2727,0.1395,0.3603,0
0.0,0.0233,0.3603,0
0.0,0.0,0.3603,0
0.0,0.0,0.3603,0
0.0,0.0,0.3609,0
0.0,0.0465,0.3356,0
0.0,0.1163,0.3476,0
0.0,0.1163,0.3489,0
0.0,0.0,0.3609,0
0.0,0.0,0.3609,0
0.0,0.0,0.3603,0
0.0,0.0698,0.12580000000000002,0
0.0,0.0465,0.3343,0
0.0,0.0,0.3603,0
0.0,0.0233,0.3603,0
0.0,0.0,0.3609,0
0.0,0.0,0.3609,0
0.0,0.1628,0.3603,0
0.0,0.0233,0.3603,0
0.0,0.0465,0.3603,0
0.0,0.1163,0.21705,0
0.0,0.0233,0.3603,0
0.0,0.0,0.3603,0
0.0,0.0,0.3603,0
0.0,0.0,0.3603,0
0.0,0.0,0.3603,0
0.0,0.0233,0.2817,0
0.0,0.0233,0.3603,0
0.0,0.0,0.3609,0
0.0,0.0,0.3603,0
0.0,0.0233,0.3428,0
0.0,0.0,0.3603,0
0.0,0.0698,0.347,0
0.0,0.0233,0.3603,0
0.09090000000000001,0.0698,0.3603,0
0.0,0.0,0.3609,0
0.0,0.0,0.3609,0
0.0,0.0233,0.3603,0
0.0,0.0698,0.3603,0
0.0,0.0233,0.3609,0
0.0,0.0,0.3609,0
0.0,0.0698,0.0,0
0.0,0.0233,0.3603,0
0.0,0.186,0.4516,0
0.0,0.0,0.3603,0
0.0,0.0698,0.3609,0
0.0,0.0698,0.3597,0
0.0,0.0233,0.3603,0
0.0,0.093,0.3591,0
0.6364,0.4419,0.3603,0
0.0,0.0698,0.3609,0
0.0,0.0233,0.3603,0
0.0,0.0698,0.3603,0
0.0,0.0233,0.3603,0
0.0,0.0233,0.3489,0
0.0,0.2558,0.3603,0
0.0,0.1628,0.3603,0
0.0,0.0,0.3603,0
0.0,0.0465,0.3597,0
0.0,0.2326,0.3609,0
0.0,0.0,0.3603,0
0.0,0.0233,0.3597,0
0.0,0.0,0.3603,0
0.0,0.0233,0.3609,0
0.0,0.1395,0.3603,0
0.0,0.0,0.3603,0
0.0,0.0,0.3603,0
0.0,0.20929999999999999,0.3603,0
0.0,0.1163,0.3609,0
0.0,0.0233,0.3603,0
0.0,0.0465,0.3603,0
0.0,0.0,0.3603,0
0.0,0.1395,0.3609,0
0.0,0.0,0.3609,0
0.0,0.0233,0.3603,0
0.0,0.0698,0.3603,0
0.0,0.0,0.3603,0
0.0,0.0233,0.3609,0
0.0,0.0,0.3603,0
0.0,0.0465,0.3489,0
0.0,0.093,0.3591,0
0.0,0.0,0.3603,0
0.0,0.0,0.3609,0
0.0,0.0465,0.6566,0
0.0,0.1163,0.6112,0
0.0,0.0,0.3603,0
0.0,0.0,0.3603,0
0.0,0.0,0.3603,0
0.0,0.0465,0.3609,0
0.0,0.0,0.3609,0
0.0,0.0233,0.35609999999999997,0
0.0,0.0465,0.3603,0
0.0,0.20929999999999999,0.3603,0
0.0,0.0233,0.3603,0
0.0,0.0465,0.321,0
0.0,0.0698,0.2938,0
0.0,0.0,0.3609,0
0.0,0.1628,0.3519,0
0.0,0.0698,0.3597,0
0.0,0.0,0.3609,0
0.0,0.0,0.3603,0
0.0,0.186,0.3609,0
0.0,0.0,0.3609,0
0.0,0.0465,0.3603,0
0.0,0.0233,0.3603,0
0.0,0.0,0.3603,0
0.0,0.0233,0.3603,0
0.0,0.1163,0.35609999999999997,0
0.0,0.0698,0.3603,0
0.09090000000000001,0.0465,0.3603,0
0.0,0.0233,0.4226,0
0.0,0.186,0.3464,0
0.0,0.0233,0.3603,0
0.0,0.0,0.3603,0
0.0,0.20929999999999999,0.3609,0
0.0,0.0698,0.4383,0
0.0,0.0698,0.3664,0
0.0,0.0233,0.3603,0
0.0,0.0,0.3603,0
0.0,0.0,0.3603,0
0.0,0.0,0.3603,0
0.0,0.0,0.3603,0
0.0,0.0465,0.3567,0
0.0,0.0698,0.3603,0
0.0,0.0698,0.3603,0
0.0,0.0,0.3603,0
0.0,0.1628,0.3603,0
0.09090000000000001,0.0,0.3609,0
0.0,0.0,0.3603,0
0.0,0.0233,0.3603,0
0.0,0.0233,0.3603,0
0.0,0.0698,0.3235,0
0.09090000000000001,0.1163,0.29869999999999997,0
0.0,0.0,0.3603,0
0.0,0.0233,0.34950000000000003,0
0.0,0.0,0.3609,0
0.0,0.093,0.3603,0
0.0,0.0465,0.3609,0
0.0,0.2558,0.35309999999999997,0
0.0,0.0,0.3573,0
0.09090000000000001,0.0698,0.3603,0
0.0,0.1163,0.3603,0
0.0,0.0,0.3603,0
0.0,0.0233,0.3603,0
0.09090000000000001,0.1395,0.3603,0
0.0,0.0,0.3609,0
0.0,0.0233,0.3458,0
0.0,0.1163,0.3549,0
0.0,0.0233,0.3603,0
0.0,0.0233,0.3603,0
0.0,0.0233,0.3609,0
0.0,0.186,0.3609,0
0.0,0.0,0.3609,0
0.0,0.186,0.3603,0
0.0,0.093,0.3579,0
0.0,0.0,0.3603,0
0.0,0.0465,0.3603,0
0.0,0.093,0.3603,0
0.0,0.0465,0.3603,0
0.0,0.3256,0.3609,0
0.0,0.0,0.3609,0
0.0,0.0,0.3603,0
0.0,0.0233,0.3476,0
0.0,0.0233,0.3845,0
0.0,0.0,0.3603,0
0.0,0.0,0.3609,0
0.0,0.0698,0.3603,0
0.0,0.1395,0.2944,0
0.0,0.0233,0.3603,0
0.0,0.0,0.3609,0
0.0,0.0233,0.3603,0
0.0,0.0465,0.344,0
0.0,0.093,0.3609,0
0.0,0.0233,0.31079999999999997,0
0.0,0.0233,0.3603,0
0.0,0.0,0.3603,0
0.0,0.0465,0.3609,0
0.0,0.0233,0.3603,0
0.0,0.093,0.3603,0
0.0,0.0,0.3609,0
0.0,0.0233,0.3603,0
0.0,0.0,0.3603,0
0.0,0.0,0.3609,0
0.0,0.0,0.3603,0
0.0,0.0,0.3603,0
0.0,0.0698,0.3446,0
0.09090000000000001,0.0,0.3609,0
0.0,0.0233,0.3603,0
0.0,0.0,0.3603,0
0.09090000000000001,0.0698,0.3216,0
0.09090000000000001,0.0465,0.3603,0
0.0,0.1163,0.34340000000000004,0
0.0,0.1628,0.3821,0
0.0,0.0,0.3603,0
0.0,0.0,0.3591,0
0.0,0.0,0.3609,0
0.0,0.0465,0.3603,0
0.0,0.1395,0.3603,0
0.0,0.0233,0.3609,0
0.0,0.0233,0.3603,0
0.0,0.0,0.3603,0
0.09090000000000001,0.0,0.3603,0
0.0,0.0,0.3603,0
0.0,0.0233,0.3144,0
0.0,0.0,0.3603,0
0.0,0.186,0.3603,0
0.0,0.0233,0.3603,0
0.0,0.0233,0.3609,0
0.0,0.0,0.3597,0
0.0,0.0,0.3603,0
0.0,0.1163,0.3603,0
0.0,0.0698,0.3609,0
0.0,0.0,0.3609,0
0.0,0.2326,0.3603,0
0.0,0.0698,0.3247,0
0.0,0.3721,0.3603,0
0.0,0.1163,0.3609,0
0.0,0.0,0.3573,0
0.0,0.186,0.3603,0
0.0,0.0465,0.33799999999999997,0
0.0,0.0698,0.3458,0
0.0,0.0,0.3603,0
0.0,0.0233,0.3337,0
0.0,0.0,0.3567,0
0.0,0.0,0.3609,0
0.0,0.1163,0.3416,0
0.0,0.0233,0.3476,0
0.0,0.0233,0.3277,0
0.0,0.0,0.3609,0
0.0,0.0233,0.35250000000000004,0
0.0,0.0233,0.3603,0
0.0,0.0233,0.3603,0
0.0,0.0465,0.3609,0
0.09090000000000001,0.0,0.3603,0
0.0,0.0,0.3573,0
0.0,0.0233,0.3609,0
0.0,0.0,0.3603,0
0.0,0.0,0.3603,0
0.0,0.0698,0.3603,0
0.0,0.0,0.3603,0
0.0,0.1628,0.3609,0
0.0,0.0233,0.3603,0
0.0,0.0233,0.3603,0
0.0,0.0,0.3603,0
0.0,0.0,0.3603,0
0.0,0.0,0.3603,0
0.0,0.0233,0.3603,0
0.0,0.1628,0.3609,0
0.0,0.1395,0.3603,0
0.0,0.0233,0.3591,0
0.0,0.0465,0.3603,0
0.0,0.0,0.3603,0
0.0,0.0233,0.3628,0
0.0,0.0,0.3609,0
0.0,0.1628,0.3603,0
0.0,0.2326,0.295,0
0.0,0.0,0.3603,0
0.0,0.0,0.3603,0
0.0,0.0,0.3603,0
0.0,0.2558,0.3422,0
0.0,0.0233,0.3609,0
0.0,0.0,0.3603,0
0.09090000000000001,0.0698,0.3603,0
0.0,0.186,0.3603,0
0.0,0.0233,0.3609,0
0.0,0.0,0.3603,0
0.0,0.0,0.3603,0
0.0,0.0698,0.3603,0
0.0,0.0465,0.3603,0
0.0,0.3256,0.344,0
0.0,0.0,0.3603,0
0.0,0.1163,0.3603,0
0.0,0.0,0.3597,0
0.0,0.0,0.3603,0
0.0,0.0465,0.3609,0
0.0,0.093,0.3597,0
0.0,0.0698,0.3603,0
0.0,0.186,0.3343,0
0.0,0.0233,0.3603,0
0.0,0.0465,0.35250000000000004,0
0.0,0.3023,0.32530000000000003,0
0.0,0.0233,0.35609999999999997,0
0.18180000000000002,0.0233,0.3489,0
0.0,0.0465,0.3603,0
0.0,0.0,0.3603,0
0.0,0.0,0.3603,0
0.0,0.0233,0.3603,0
0.0,0.0233,0.3603,0
0.0,0.0,0.3603,0
0.0,0.1163,0.3543,0
0.0,0.0233,0.3609,0
0.0,0.093,0.3603,0
0.0,0.1628,0.3603,0
0.0,0.20929999999999999,0.3603,0
0.0,0.1163,0.3609,0
0.0,0.0465,0.3609,0
0.0,0.0233,0.3482,0
0.0,0.2326,0.4123,0
0.0,0.0465,0.3537,0
0.0,0.0,0.3609,0
0.0,0.0465,0.3609,0
0.0,0.0,0.3603,0
0.0,0.1395,0.3603,0
0.0,0.1395,0.3603,0
0.0,0.0233,0.30110000000000003,0
0.09090000000000001,0.0465,0.3609,0
0.0,0.093,0.3609,0
0.0,0.0,0.3609,0
0.0,0.0,0.3603,0
0.0,0.0698,0.3549,0
0.0,0.0,0.3603,0
0.0,0.0233,0.3482,0
0.0,0.0,0.3603,0
0.0,0.0,0.3603,0
0.0,0.0233,0.3392,0
0.0,0.0233,0.3603,0
0.0,0.0465,0.3609,0
0.0,0.0233,0.3603,0
0.0,0.0233,0.3603,0
0.0,0.0465,0.3603,0
0.0,0.0465,0.3603,0
0.0,0.0,0.3591,0
0.0,0.0,0.3609,0
0.0,0.1163,0.3609,0
0.0,0.0698,0.3543,0
0.0,0.3023,0.3597,0
0.0,0.0,0.3597,0
0.0,0.093,0.3609,0
0.0,0.0465,0.3222,0
0.0,0.1163,0.3603,0
0.0,0.0,0.3603,0
0.0,0.0,0.3603,0
0.0,0.0,0.3603,0
0.0,0.0465,0.3603,0
0.0,0.0465,0.3603,0
0.0,0.2326,0.33740000000000003,0
0.0,0.0,0.3597,0
0.0,0.2558,0.3609,0
0.0,0.0465,0.3603,0
0.0,0.3256,0.3603,0
0.0,0.20929999999999999,0.3603,0
0.0,0.0698,0.5641,0
0.0,0.0,0.3603,0
0.0,0.0,0.3585,0
0.0,0.0,0.3603,0
0.0,0.0233,0.3464,0
0.09090000000000001,0.0465,0.347,0
0.0,0.0233,0.3603,0
0.09090000000000001,0.0,0.3603,0
0.0,0.0,0.3603,0
0.0,0.0,0.3609,0
0.0,0.0698,0.3609,0
0.0,0.0698,0.35609999999999997,0
0.0,0.0,0.3603,0
0.18180000000000002,0.0,0.3591,0
0.09090000000000001,0.0233,0.3603,0
0.0,0.0,0.3597,0
0.0,0.0,0.3609,0
0.0,0.0,0.3609,0
0.0,0.0233,0.3609,0
0.0,0.0233,0.3331,0
0.0,0.0,0.3603,0
0.0,0.0,0.3609,0
0.0,0.0,0.3603,0
0.0,0.0,0.3603,0
0.0,0.0233,0.3265,0
0.0,0.0,0.3603,0
0.0,0.0233,0.3192,0
0.09090000000000001,0.0465,0.3597,0
0.0,0.0,0.3597,0
0.0,0.1163,0.3519,0
0.0,0.0233,0.3603,0
0.0,0.0465,0.3779,0
0.0,0.0,0.3603,0
0.0,0.093,0.3609,0
0.0,0.0233,0.3603,0
0.0,0.0,0.3609,0
0.0,0.0233,0.34340000000000004,0
0.0,0.0465,0.3603,0
0.0,0.0,0.3603,0
0.0,0.1395,0.3271,0
0.0,0.0,0.3603,0
0.0,0.0,0.3609,0
0.0,0.093,0.3507,0
0.0,0.2326,0.3603,0
0.0,0.1628,0.3567,0
0.0,0.0465,0.3609,0
0.09090000000000001,0.0233,0.3603,0
0.0,0.0233,0.4456,0
0.0,0.0,0.3609,0
0.0,0.1163,0.3591,0
0.0,0.0233,0.3446,0
0.0,0.0698,0.3603,0
0.0,0.0233,0.3307,0
0.0,0.0,0.3603,0
0.2727,0.093,0.3603,0
0.0,0.0698,0.30410000000000004,0
0.0,0.0,0.3609,0
0.0,0.1163,0.5272,0
0.0,0.0233,0.3597,0
0.0,0.0,0.3609,1
0.0,0.20929999999999999,0.3603,1
0.0,0.0698,0.3603,1
0.0,0.0,0.3603,1
0.0,0.0,0.3603,1
0.0,0.0,0.3609,1
0.0,0.0,0.3609,1
0.0,0.0233,0.3337,1
0.0,0.0,0.3609,1
0.0,0.093,0.3603,1
0.0,0.0465,0.3603,1
0.0,0.0,0.3591,1
0.0,0.3256,0.3603,1
0.0,0.3256,0.3603,1
0.0,0.0,0.3603,1
0.0,0.2326,0.3603,1
0.0,0.1628,0.3464,1
0.0,0.0,0.3603,1
0.0,0.3953,0.3609,1
0.0,0.1395,0.3603,1
0.0,0.1628,0.3603,1
0.0,0.0233,0.21400000000000002,1
0.0,0.0233,0.3609,1
0.0,0.1163,0.3603,1
0.0,0.0,0.3603,1
0.0,0.20929999999999999,0.3295,1
0.0,0.0698,0.3609,1
0.0,0.0465,0.29259999999999997,1
0.0,0.0233,0.4299,1
0.0,0.0698,0.3603,1
0.0,0.0698,0.3452,1
0.0,0.0698,0.3609,1
0.09090000000000001,0.1628,0.7709,1
0.09090000000000001,0.0233,0.1106,1
0.0,0.0,0.3603,1
0.0,0.0,0.3609,1
0.18180000000000002,0.093,0.34340000000000004,1
0.0,0.1395,0.5846,1
0.0,0.0233,0.3603,1
0.0,0.0698,0.3603,1
0.0,0.0465,0.3513,1
0.0,0.1395,0.32830000000000004,1
0.0,0.0465,0.3603,1
0.0,0.1163,0.3603,1
0.0,0.0233,0.3609,1
0.0,0.20929999999999999,0.3083,1
0.0,0.3953,0.35609999999999997,1
0.2727,0.093,0.3603,1
0.0,0.0233,0.3603,1
0.0,0.2558,0.3603,1
0.0,0.0233,0.3519,1
0.0,0.0465,0.3603,1
0.0,0.0233,0.3609,1
0.0,0.093,0.3603,1
0.0,0.1395,0.3603,1
0.0,0.0233,0.3319,1
0.0,0.093,0.3331,1
0.0,0.1395,0.3603,1
0.09090000000000001,0.3488,0.3603,1
0.0,0.0233,0.33740000000000003,1
0.0,0.0,0.3603,1
0.0,0.0,0.3603,1
0.0,0.0233,0.3603,1
0.0,0.0,0.3609,1
0.0,0.1628,0.3609,1
0.0,0.0465,0.3603,1
0.0,0.0698,0.3609,1
0.0,0.0,0.3603,1
0.0,0.0,0.3603,1
0.0,0.0465,0.5345,1
0.0,0.2326,0.2817,1
0.0,0.1628,0.3349,1
0.0,0.0698,0.3573,1
0.0,0.0,0.3603,1
0.0,0.0,0.3591,1
0.0,0.093,0.3603,1
0.0,0.093,0.3609,1
0.0,0.1628,0.3356,1
0.0,0.3488,0.4879,1
0.0,0.0,0.3603,1
0.0,0.0,0.3603,1
0.0,0.0,0.3603,1
0.0,0.20929999999999999,0.3609,1
0.0,0.20929999999999999,0.3603,1
0.0,0.6047,0.3482,1
0.0,0.0,0.3609,1
0.0,0.0233,0.3603,1
0.0,0.0,0.3603,1
0.0,0.0233,0.3603,1
0.0,0.0,0.3603,1
0.0,0.1163,0.3603,1
0.0,0.0,0.3978,1
0.0,0.0465,0.35009999999999997,1
0.0,0.0,0.3609,1
0.0,0.1395,0.3609,1
0.0,0.0465,0.3609,1
0.0,0.2326,0.3603,1
0.0,0.2791,0.3603,1
0.0,0.0233,0.3603,1
0.0,0.0,0.3609,1
0.0,0.0233,0.3603,1
0.0,0.0233,0.3597,1
0.0,0.0,0.3603,1
0.0,0.2326,0.3603,1
0.0,0.0465,0.3609,1
0.0,0.6047,0.3603,1
0.0,0.0,0.3603,1
0.0,0.0698,0.3603,1
0.0,0.0233,0.3609,1
0.0,0.0,0.3609,1
0.0,0.0233,0.3603,1
0.0,0.20929999999999999,0.3609,1
0.0,0.0233,0.3603,1
0.0,0.093,0.3609,1
0.18180000000000002,0.0233,0.3603,1
0.0,0.1628,0.3603,1
0.0,0.3256,0.3603,1
0.0,0.0233,0.3603,1
0.0,0.0,0.3603,1
0.0,0.3721,0.31079999999999997,1
0.0,0.0,0.3603,1
0.0,0.3256,0.3603,1
0.0,0.1163,0.3222,1
0.0,0.20929999999999999,0.3603,1
0.0,0.093,0.3603,1
0.09090000000000001,0.186,0.3603,1
0.0,0.0,0.3567,1
0.0,0.0,0.3609,1
0.0,0.0,0.3603,1
0.0,0.186,0.3609,1
0.0,0.3023,0.3603,1
0.0,0.093,0.2963,1
0.0,0.2326,0.3603,1
0.0,0.20929999999999999,0.3156,1
0.0,0.0,0.3609,1
0.0,0.8140000000000001,0.3337,1
0.0,0.1395,0.3609,1
0.0,0.3488,0.3609,1
0.09090000000000001,0.0465,0.3567,1
0.0,0.1163,0.3603,1
0.0,0.0233,0.1765,1
0.0,0.0233,0.35309999999999997,1
0.0,0.093,0.3609,1
0.0,0.0,0.3603,1
0.0,0.0233,0.3603,1
0.0,0.0,0.3603,1
0.0,0.0465,0.347,1
0.0,0.0698,0.3603,1
0.0,0.186,0.3603,1
0.0,0.0,0.3603,1
0.0,0.0,0.3609,1
0.0,0.0,0.3603,1
0.0,0.3488,0.3609,1
0.0,0.1163,0.3609,1
0.0,0.20929999999999999,0.3603,1
0.0,0.1163,0.3603,1
0.0,0.0,0.3603,1
0.0,0.0,0.3603,1
0.0,0.0,0.3603,1
0.0,0.186,0.3603,1
0.0,0.093,0.3603,1
0.0,0.093,0.3609,1
0.18180000000000002,0.3256,0.3609,1
0.0,0.0233,0.3609,1
0.0,0.0,0.3609,1
0.18180000000000002,0.0233,0.3204,1
0.0,0.2791,0.32830000000000004,1
0.0,0.0233,0.3603,1
0.0,0.0465,0.3609,1
0.0,0.1628,0.3603,1
0.0,0.0233,0.3603,1
0.0,0.0698,0.3603,1
0.0,0.0,0.3603,1
0.0,0.0,0.3603,1
0.0,0.0233,0.3609,1
0.0,0.093,0.3603,1
0.0,0.1628,0.3603,1
0.0,0.2791,0.3597,1
0.0,0.093,0.32589999999999997,1
0.0,0.4651,0.3603,1
0.0,0.1163,0.3603,1
0.0,0.0,0.3603,1
0.0,0.0,0.3603,1
0.0,0.093,0.3603,1
0.0,0.093,0.3609,1
0.0,0.093,0.3609,1
0.0,0.186,0.3603,1
0.0,0.0465,0.3609,1
0.0,0.0,0.3609,1
0.0,0.0,0.3603,1
0.0,0.0465,0.3609,1
0.0,0.3023,0.3603,1
0.0,0.0,0.3603,1
0.0,0.0233,0.347,1
0.0,0.0,0.3603,1
0.0,0.0,0.3609,1
0.18180000000000002,0.0465,0.3603,1
0.0,0.0233,0.3603,1
0.0,0.0233,0.3609,1
0.0,0.0233,0.3603,1
0.0,0.0,0.3603,1
0.0,0.0465,0.3603,1
0.0,0.0233,0.3603,1
0.0,0.0698,0.35009999999999997,1
0.0,0.3488,0.33799999999999997,1
0.0,0.0,0.3603,1
0.0,0.186,0.3603,1
0.0,0.0233,0.3603,1
0.0,0.0465,0.3603,1
0.0,0.4419,0.3785,1
0.0,0.0,0.3609,1
0.0,0.0,0.3609,1
0.0,0.093,0.3603,1
0.0,0.1628,0.3603,1
0.0,0.0233,0.347,1
0.0,0.0,0.3603,1
0.0,0.0233,0.3603,1
0.0,0.3256,0.3603,1
0.0,0.0,0.6771,1
0.0,0.0233,0.3609,1
0.0,0.0233,0.3603,1
0.0,0.0233,0.3603,1
0.0,0.0698,0.3736,1
0.0,0.0698,0.3603,1
0.0,0.0465,0.3603,1
0.0,0.0233,0.32830000000000004,1
0.0,0.0465,0.3603,1
0.0,0.0233,0.4915,1
0.0,0.0,0.3603,1
0.0,0.1163,0.3603,1
0.0,0.0,0.3603,1
0.09090000000000001,0.3721,0.3603,1
0.0,0.0,0.3603,1
0.0,0.0,0.3609,1
0.0,0.0,0.3603,1
0.0,0.0698,0.3603,1
0.0,0.0,0.3603,1
0.09090000000000001,0.093,0.3694,1
0.0,0.0,0.3603,1
0.18180000000000002,0.2791,0.3609,1
0.0,0.0,0.3609,1
0.0,0.3953,0.3603,1
0.0,0.1163,0.3603,1
0.0,0.0233,0.3083,1
0.0,0.0,0.3609,1
0.0,0.0233,0.3603,1
0.0,0.3023,0.3609,1
0.0,0.0,0.3603,1
0.0,0.0,0.3603,1
0.0,0.093,0.3603,1
0.0,0.0,0.3609,1
0.0,0.0233,0.21100000000000002,1
0.0,0.0233,0.3603,1
0.0,0.093,0.3537,1
0.0,0.0233,0.3603,1
0.0,0.1163,0.3603,1
0.0,0.0465,0.3603,1
0.36360000000000003,0.186,0.3603,1
0.0,0.0465,0.3416,1
0.0,0.0,0.3603,1
0.0,0.0233,0.3609,1
0.0,0.0465,0.3573,1
0.0,0.0,0.3603,1
0.0,0.0465,0.3609,1
0.0,0.0,0.3609,1
0.18180000000000002,0.0465,0.3597,1
0.0,0.0465,0.705,1
0.0,0.0698,0.3603,1
0.0,0.0,0.3603,1
0.0,0.0,0.3603,1
0.0,0.0233,0.3603,1
0.0,0.0465,0.3603,1
0.0,0.0465,0.3791,1
0.0,0.1395,0.3603,1
0.0,0.093,0.3603,1
0.0,0.0233,0.3603,1
0.0,0.0465,0.3603,1
0.0,0.0465,0.3603,1
0.0,0.186,0.3603,1
0.0,0.0698,0.3603,1
0.0,0.2558,0.3603,1
0.0,0.0,0.3603,1
0.0,0.1395,0.3609,1
0.0,0.5349,0.32289999999999996,1
0.0,0.1628,0.3603,1
0.0,0.3023,0.3603,1
0.09090000000000001,0.0233,0.3549,1
0.0,0.0,0.3609,1
0.0,0.0233,0.3519,1
0.0,0.0,0.3609,1
0.0,0.0,0.3603,1
0.0,0.0,0.3603,1
0.0,0.0233,0.3603,1
0.0,0.0,0.3603,1
0.0,0.0465,0.3603,1
0.18180000000000002,0.0,0.3603,1
0.0,0.186,0.3585,1
0.0,0.0,0.3603,1
0.0,0.0,0.3603,1
0.0,0.0465,0.3579,1
0.0,0.0233,0.3603,1
0.0,0.0698,0.3519,1
0.0,0.0,0.3609,1
0.0,0.0698,0.3603,1
0.0,0.093,0.3603,1
0.0,0.186,0.3603,1
0.09090000000000001,0.1163,0.3603,1
0.0,0.0,0.3609,1
0.0,0.0698,0.3362,1
0.0,0.1395,0.3603,1
0.0,0.2326,0.4063,1
0.0,0.0,0.3603,1
0.0,0.0698,0.3603,1
0.0,0.093,0.321,1
0.0,0.093,0.3603,1
0.0,0.0233,0.3603,1
0.0,0.2791,0.3368,1
0.0,0.0,0.3603,1
0.0,0.0233,0.3603,1
0.0,0.5349,0.3603,1
0.0,0.0465,0.3603,1
0.0,0.186,0.3603,1
0.0,0.0233,0.3591,1
0.0,0.3721,0.3597,1
0.0,0.0,0.3603,1
0.0,0.0465,0.3603,1
0.0,0.0465,0.3603,1
0.09090000000000001,0.0233,0.3603,1
0.0,0.093,0.3603,1
0.0,0.3721,0.3603,1
0.0,0.0,0.3603,1
0.0,0.0,0.3603,1
0.0,0.093,0.5036,1
0.0,0.0465,0.3603,1
0.0,0.0,0.3603,1
0.0,0.2791,0.3319,1
0.0,0.5116,0.3603,1
0.0,0.0698,0.3603,1
0.0,0.1163,0.3603,1
0.0,0.20929999999999999,0.3603,1
0.0,0.0,0.3603,1
0.0,0.0465,0.3609,1
0.0,0.0465,0.3603,1
0.0,0.0,0.3603,1
0.0,0.0465,0.3343,1
0.0,0.0,0.3603,1
0.0,0.0233,0.3603,1
0.0,0.0,0.3603,1
0.0,0.0,0.3603,1
0.0,0.0233,0.26239999999999997,1
0.0,0.0233,0.3603,1
0.0,0.0,0.3603,1
0.0,0.1395,0.3603,1
0.0,0.0233,0.3603,1
0.0,0.0,0.3609,1
0.0,0.4419,0.3603,1
0.0,0.0233,0.3319,1
0.0,0.3023,0.3609,1
0.09090000000000001,0.0465,0.3603,1
0.0,0.0,0.3603,1
0.0,0.5349,0.3609,1
0.0,0.0465,0.3603,1
0.0,0.093,0.2884,1
0.0,0.1395,0.3603,1
0.0,0.0,0.3609,1
0.0,0.5116,0.3603,1
0.0,0.0698,0.3301,1
0.0,0.4419,0.315,1
0.0,0.0465,0.3603,1
0.09090000000000001,0.0,0.3603,1
0.0,0.1163,0.3603,1
0.0,0.0,0.3603,1
0.0,0.0233,0.3609,1
0.0,0.0233,0.35550000000000004,1
0.0,0.0,0.3609,1
0.0,0.0233,0.3591,1
0.0,0.0465,0.5828,1
0.09090000000000001,0.20929999999999999,0.3603,1
0.0,0.093,0.3603,1
0.0,0.093,0.3603,1
0.0,0.5349,0.4057,1
0.0,0.1163,0.3603,1
0.0,0.0233,0.3603,1
0.0,0.4419,0.29200000000000004,1
0.0,0.0,0.3603,1
0.0,0.0,0.3603,1
0.0,0.0,0.3597,1
0.0,0.0233,0.3603,1
0.0,0.0,0.3609,1
0.0,0.186,0.3603,1
0.0,0.0465,0.3579,1
0.0,0.0465,0.3603,1
0.0,0.093,0.3307,1
0.0,0.0,0.3609,1
0.0,0.186,0.3603,1
0.0,0.5814,0.3603,1
0.0,0.0,0.3603,1
0.0,0.0,0.3609,1
0.0,0.0233,0.3603,1
0.0,0.0233,0.3603,1
0.0,0.1395,0.3609,1
0.0,0.0,0.3603,1
0.18180000000000002,0.1163,0.3603,1
0.0,0.1395,0.3603,1
0.0,0.3488,0.3603,1
0.0,0.1628,0.3543,1
0.0,0.0,0.3603,1
0.0,0.2791,0.3609,1
0.0,0.0233,0.3609,1
0.0,0.1395,0.3609,1
0.0,0.186,0.3603,1
0.0,0.1395,0.3609,1
0.0,0.0233,0.3833,1
0.0,0.0465,0.3507,1
0.0,0.0233,0.36219999999999997,1
0.0,0.2791,0.3603,1
0.0,0.0,0.3603,1
0.0,0.0,0.3603,1
0.0,0.0233,0.3603,1
0.0,0.0,0.3597,1
0.0,0.0465,0.5889,1
0.09090000000000001,0.0233,0.3035,1
0.0,0.2558,0.3609,1
0.36360000000000003,0.2558,0.3609,1
0.0,0.3256,0.6608,1
0.09090000000000001,0.186,0.3603,1
0.0,0.1395,0.3603,1
0.0,0.0,0.3609,1
0.0,0.0,0.3603,1
0.0,0.0698,0.3603,1
0.0,0.0,0.3609,1
0.0,0.0,0.3603,1
0.0,0.0233,0.3573,1
0.0,0.0233,0.3603,1
0.0,0.0698,0.3609,1
0.0,0.1395,0.3609,1
0.0,0.0,0.3603,1
0.0,0.0698,0.3603,1
0.09090000000000001,0.1628,0.3603,1
0.0,0.0233,0.3549,1
0.09090000000000001,0.0233,0.3362,1
0.0,0.3023,0.3349,1
0.0,0.1628,0.3603,1
0.0,0.0233,0.3349,1
0.0,0.0,0.3609,1
0.0,0.0233,0.3603,1
0.0,0.0,0.3609,1
0.0,0.0,0.3603,1
0.0,0.3488,0.0115,1
0.0,0.0233,0.3609,1
0.0,0.093,0.3603,1
0.0,0.1395,0.3603,1
0.0,0.5581,0.3603,1
0.0,0.0465,0.3603,1
0.0,0.0,0.3603,1
0.0,0.0,0.3603,1
0.0,0.0233,0.3603,1
0.0,0.0,0.3603,1
0.0,0.20929999999999999,0.3603,1
0.09090000000000001,0.0,0.3597,1
0.0,0.0,0.3603,1
0.0,0.0698,0.3603,1
0.0,0.0465,0.3603,1
0.0,0.0233,0.3603,1
0.0,0.0,0.3609,1
0.0,0.3023,0.3603,1
0.0,0.0,0.3609,1
0.0,0.0233,0.347,1
0.0,0.0233,0.3603,1
0.0,0.0233,0.3609,1
0.0,0.0,0.3609,1
0.0,0.41859999999999997,0.3585,1
0.0,0.0,0.3603,1
0.0,0.0,0.3603,1
0.0,0.0233,0.3603,1
0.0,0.2558,0.3603,1
0.09090000000000001,0.093,0.3603,1
0.0,0.0,0.3603,1
0.0,0.41859999999999997,0.3603,1
0.0,0.1395,0.3603,1
0.0,0.0,0.3609,1
0.0,0.186,0.5186999999999999,1
0.0,0.3256,0.3543,1
0.0,0.1628,0.3603,1
0.0,0.0465,0.3609,1
0.0,0.0,0.3609,1
0.0,0.0233,0.3603,1
0.09090000000000001,0.0,0.3609,1
0.0,0.0233,0.3603,1
0.2727,0.2326,0.3603,1
0.0,0.0233,0.3603,1
0.0,0.2558,0.3603,1
0.0,0.0233,0.30169999999999997,1
0.0,0.0,0.3603,1
0.0,0.093,0.5895,1
0.0,0.1163,0.3603,1
0.0,0.0233,0.3603,1
0.0,0.0698,0.3603,1
0.0,0.093,0.35250000000000004,1
0.0,0.0465,0.1759,1
0.09090000000000001,0.0,0.3603,1
0.0,0.0,0.3603,1
0.0,0.0,0.3603,1
0.0,0.1628,0.3609,1
0.0,0.0,0.3609,1
0.0,0.0233,0.3603,1
0.0,0.20929999999999999,0.2721,1
0.0,0.0,0.3609,1
0.0,0.1628,0.3603,1
0.0,0.3256,0.3603,1
0.0,0.1628,0.3603,1
0.0,0.0,0.3603,1
0.0,0.0,0.3609,1
0.0,0.0698,0.3603,1
0.0,0.0233,0.3603,1
0.0,0.0,0.3597,1
0.0,0.0,0.3609,1
0.0,0.093,0.3247,1
0.0,0.0233,0.3603,1
0.0,0.1628,0.34950000000000003,1
0.0,0.0465,0.3609,1
0.0,0.0698,0.3591,1
0.0,0.1395,0.3609,1
0.0,0.0,0.3603,1
0.0,0.3721,0.3603,1
0.0,0.0698,0.3603,1
0.0,0.1628,0.3603,1
0.0,0.0,0.3603,1
0.0,0.186,0.3603,1
0.0,0.0,0.3603,1
0.0,0.0698,0.16870000000000002,1
0.0,0.0,0.3603,1
0.0,0.0,0.3603,1
0.0,0.0465,0.3603,1
0.0,0.0233,0.3603,1
0.0,0.0465,0.3597,1
0.0,0.186,0.3609,1
0.0,0.1395,0.3603,1
0.0,0.0465,0.3603,1
0.0,0.0,0.3603,1
0.0,0.0233,0.3585,1
0.0,0.0465,0.3603,1
0.0,0.20929999999999999,0.3476,1
0.0,0.0,0.3609,1
0.0,0.2791,0.3609,1
0.0,0.0,0.3609,1
0.0,0.0,0.3603,1
0.09090000000000001,0.0,0.3603,1
0.0,0.186,0.3603,1
0.0,0.2326,0.3779,1
0.0,0.0,0.3609,1
0.0,0.0233,0.3603,1
0.0,0.0698,0.3585,1
0.0,0.1163,0.3609,1
0.0,0.0,0.3603,1
0.0,0.6279,0.3603,1
0.0,0.0,0.3603,1
0.0,0.0465,0.3609,1
0.0,0.0698,0.3609,1
0.09090000000000001,0.0465,0.3609,1
0.0,0.0,0.3603,1
0.0,0.1395,0.237,1
0.0,0.186,0.32830000000000004,1
0.0,0.0,0.3603,1
0.0,0.3256,0.37970000000000004,1
0.0,0.186,0.3603,1
0.0,0.0698,0.2914,1
0.0,0.1395,0.3609,1
0.0,0.3953,0.27990000000000004,1
0.0,0.0,0.3603,1
0.0,0.1163,0.3603,1
0.0,0.0,0.3603,1
0.0,0.0698,0.3603,1
0.0,0.0,0.3603,1
0.0,0.1628,0.3603,1
0.0,0.093,0.2672,1
0.0,0.0698,0.3603,1
0.0,0.0,0.3603,1
0.0,0.0233,0.3609,1
0.0,0.0698,0.3609,1
0.0,0.0,0.3591,1
0.0,0.1395,0.3603,1
0.0,0.2326,0.6088,1
0.0,0.0465,0.3603,1
0.0,0.0233,0.3519,1
0.0,0.0233,0.3313,1
0.0,0.093,0.3603,1
0.0,0.0465,0.3609,1
0.0,0.1163,0.3603,1
0.0,0.6512,0.3609,1
0.0,0.0,0.3603,1
0.0,0.0,0.3609,1
0.0,0.0,0.3609,1
0.0,0.0,0.3603,1
0.0,0.0,0.3603,1
0.0,0.0465,0.3603,1
0.0,0.0233,0.3603,1
0.0,0.1395,0.3609,1
0.0,0.0,0.3609,1
0.0,0.1163,0.34340000000000004,1
0.0,0.0698,0.3603,1
0.0,0.186,0.393,1
0.0,0.1163,0.3603,1
0.0,0.0,0.3597,1
0.0,0.0465,0.3603,1
0.0,0.0,0.3603,1
0.0,0.5349,0.3603,1
0.0,0.093,0.3446,1
0.0,0.3256,0.3603,1
0.0,0.0698,0.3609,1
0.0,0.0,0.3603,1
0.0,0.1395,0.3603,1
0.0,0.0233,0.3603,1
0.0,0.0233,0.3603,1
0.0,0.1163,0.3603,1
0.0,0.0,0.3603,1
0.09090000000000001,0.0,0.3603,1
0.0,0.0698,0.3609,1
0.0,0.3023,0.3603,1
0.0,0.1395,0.3603,1
0.0,0.0233,0.35550000000000004,1
0.0,0.0,0.3603,1
0.0,0.0,0.3603,1
0.0,0.0,0.3603,1
0.0,0.0233,0.3603,1
0.0,0.0465,0.3609,1
0.0,0.0233,0.3603,1
0.0,0.0,0.3603,1
0.0,0.0465,0.3603,1
0.0,0.0698,0.3603,1
0.0,0.0698,0.3603,1
0.0,0.1395,0.3603,1
0.0,0.1395,0.3603,1
0.0,0.0233,0.3603,1
0.0,0.0,0.3603,1
0.0,0.0,0.3603,1
0.09090000000000001,0.1395,0.3186,1
0.0,0.186,0.3362,1
0.0,0.3721,0.3603,1
0.0,0.2558,0.3603,1
0.0,0.0,0.3603,1
0.0,0.0233,0.3603,1
0.0,0.093,0.3603,1
0.18180000000000002,0.186,0.3603,1
0.0,0.0,0.3609,1
0.09090000000000001,0.0465,0.3603,1
0.0,0.0465,0.3609,1
0.0,0.0,0.3603,1
0.0,0.0,0.3603,1
0.0,0.0233,0.3609,1
0.0,0.0,0.3603,1
0.0,0.0,0.3603,1
0.0,0.0465,0.3603,1
0.0,0.186,0.3609,1
0.0,0.2326,0.3718,1
0.09090000000000001,0.186,0.3603,1
0.0,0.0465,0.3603,1
0.0,0.0233,0.3464,1
0.0,0.0,0.3603,1
0.0,0.0,0.3603,1
0.0,0.0,0.3603,1
0.0,0.0,0.3603,1
0.0,0.41859999999999997,0.3609,1
0.0,0.186,0.3603,1
0.0,0.0233,0.3603,1
0.0,0.0233,0.3603,1
0.0,0.0,0.3609,1
0.0,0.0233,0.3519,1
0.0,0.0465,0.3609,1
0.0,0.0465,0.3603,1
0.0,0.0465,0.3222,1
0.0,0.0465,0.3603,1
0.0,0.1628,0.3603,1
0.0,0.0465,0.3609,1
0.0,0.0,0.3603,1
0.0,0.2558,0.31320000000000003,1
0.09090000000000001,0.0465,0.3603,1
0.0,0.1628,0.3603,1
0.0,0.1395,0.0466,1
0.0,0.0698,0.2975,1
0.0,0.0,0.3585,1
0.0,0.0,0.3585,1
0.0,0.0233,0.3603,1
0.0,0.0,0.3603,1
0.0,0.1163,0.15360000000000001,1
0.0,0.0,0.3609,1
0.0,0.0233,0.3603,1
0.0,0.0465,0.34340000000000004,1
0.0,0.0,0.3603,1
0.0,0.0,0.3603,1
0.0,0.0,0.3603,1
0.0,0.0233,0.3609,1
0.0,0.0,0.3603,1
0.09090000000000001,0.0698,0.3603,1
0.0,0.2326,0.3603,1
0.0,0.0233,0.3603,1
0.0,0.0233,0.3603,1
0.0,0.0698,0.3603,1
0.0,0.186,0.3609,1
0.0,0.186,0.3609,1
0.0,0.1628,0.3603,1
0.0,0.0,0.3603,1
0.0,0.1628,0.3603,1
0.0,0.0,0.3603,1
0.0,0.0,0.3603,1
0.0,0.0465,0.4238,1
0.0,0.0233,0.3603,1
0.09090000000000001,0.0465,0.3603,1
0.18180000000000002,0.1163,0.3603,1
0.0,0.1163,0.3603,1
0.0,0.0465,0.3603,1
0.0,0.186,0.3603,1
0.0,0.0465,0.3603,1
0.0,0.41859999999999997,0.3603,1
0.0,0.0233,0.3603,1
0.0,0.093,0.3603,1
0.09090000000000001,0.0,0.3603,1
0.0,0.0465,0.3603,1
0.0,0.0465,0.3603,1
0.0,0.0465,0.3603,1
0.0,0.093,0.3609,1
0.0,0.0233,0.3603,1
0.0,0.1395,0.3301,1
0.0,0.0,0.3603,1
0.0,0.0233,0.3603,1
0.0,0.0465,0.3603,1
0.0,0.0,0.3603,1
0.0,0.0,0.3603,1
0.0,0.0465,0.3603,1
0.0,0.1163,0.3821,1
0.0,0.0,0.3603,1
0.09090000000000001,0.4419,0.3603,1
0.0,0.0,0.3603,1
0.0,0.0,0.3603,1
0.0,0.5581,0.393,1
0.0,0.093,0.3609,1
0.0,0.0,0.3603,1
0.0,0.186,0.3603,1
0.0,0.0465,0.3603,1
0.0,0.0,0.3603,1
0.0,0.0233,0.3368,1
0.0,0.4651,0.3603,1
0.0,0.0,0.3603,1
0.0,0.0233,0.3603,1
0.09090000000000001,0.3721,0.3603,1
0.0,0.0465,0.3603,1
0.0,0.0,0.3609,1
0.0,0.0,0.3603,1
0.0,0.0233,0.3603,1
0.0,0.0233,0.3603,1
0.0,0.5581,0.3603,1
0.18180000000000002,0.2791,0.3603,1
0.0,0.0233,0.3609,1
0.0,0.0698,0.3603,1
0.09090000000000001,0.3953,0.3603,1
0.0,0.0,0.3603,1
0.0,0.0233,0.3603,1
0.0,0.0465,0.3603,1
0.0,0.186,0.3295,1
0.09090000000000001,0.0233,0.3603,1
0.0,0.0,0.3609,1
0.0,0.20929999999999999,0.3603,1
0.0,0.0,0.3603,1
0.0,0.0465,0.3549,1
0.0,0.0,0.3603,1
0.0,0.0,0.3603,1
0.0,0.0,0.3609,1
0.0,0.0,0.3603,1
0.0,0.1395,0.3603,1
0.0,0.0,0.3603,1
0.0,0.1395,0.9813000000000001,1
0.0,0.0233,0.3609,1
0.0,0.1395,0.35250000000000004,1
0.0,0.0233,0.3603,1
0.0,0.0,0.3603,1
0.0,0.1163,0.3603,1
0.0,0.2326,0.3609,1
0.0,0.0698,0.34040000000000004,1
0.09090000000000001,0.0233,0.4317,1
0.0,0.0233,0.3603,1
0.0,0.0698,0.3609,1
0.0,0.093,0.3603,1
0.0,0.0,0.3609,1
0.0,0.0233,0.3603,1
0.0,0.0465,0.3603,1
0.0,0.0,0.3603,1
0.0,0.093,0.3567,1
0.0,0.0233,0.3609,1
0.0,0.0,0.3603,1
0.0,0.0465,0.3603,1
0.0,0.0,0.3609,1
0.0,0.0698,0.3609,1
0.0,0.1628,0.3603,1
0.0,0.0,0.3609,1
0.0,0.186,0.3603,1
0.0,0.0,0.3603,1
0.0,0.0233,0.3603,1
0.0,0.3488,0.3096,1
0.0,0.0,0.3609,1
0.0,0.1163,0.3603,1
0.0,0.0,0.3603,1
0.0,0.0465,0.347,1
0.0,0.0233,0.3603,1
0.0,0.0,0.3603,1
0.0,0.0,0.3603,1
0.0,0.1163,0.3609,1
0.0,0.0698,0.3603,1
0.0,0.0233,0.3609,1
0.0,0.0698,0.3603,1
0.0,0.0,0.3603,1
0.0,0.0,0.3603,1
0.0,0.0233,0.3603,1
0.0,0.0,0.3603,1
0.0,0.0698,0.3549,1
0.0,0.0465,0.3603,1
0.0,0.093,0.3603,1
0.0,0.0,0.3603,1
0.18180000000000002,0.5116,0.34040000000000004,1
0.0,0.093,0.3567,1
0.0,0.0,0.3603,1
0.2727,0.41859999999999997,0.3603,1
0.0,0.20929999999999999,0.3603,1
0.0,0.0233,0.3585,1
0.0,0.0233,0.3603,1
0.0,0.4419,0.3603,1
0.0,0.2326,0.2207,1
0.0,0.3256,0.2388,1
0.0,0.0233,0.3603,1
0.0,0.0,0.3603,1
0.0,0.0233,0.3603,1
0.0,0.0,0.3603,1
0.0,0.0698,0.3603,1
0.09090000000000001,0.0698,0.3603,1
0.0,0.1395,0.3603,1
0.0,0.0,0.3603,1
0.0,0.0,0.3603,1
0.0,0.0465,0.3603,1
0.0,0.3953,0.3603,1
0.0,0.0465,0.3603,1
0.0,0.0698,0.3609,1
0.0,0.0,0.3609,1
0.0,0.0233,0.3603,1
0.09090000000000001,0.0233,0.3603,1
0.0,0.0,0.3609,1
0.0,0.0,0.3609,1
0.0,0.3721,0.3603,1
0.0,0.0233,0.3609,1
0.0,0.1395,0.3609,1
0.0,0.186,0.3609,1
0.0,0.1395,0.3785,1
0.0,0.0,0.3609,1
0.0,0.0233,0.3609,1
0.0,0.0233,0.3603,1
0.0,0.0465,0.3603,1
0.0,0.1163,0.3603,1
0.0,0.0233,0.31679999999999997,1
0.0,0.0233,0.3603,1
0.0,0.0,0.3609,1
0.09090000000000001,0.1163,0.3609,1
0.0,0.1395,0.3603,1
0.0,0.0233,0.3603,1
0.09090000000000001,0.0233,0.3603,1
0.0,0.0,0.3603,1
0.0,0.0233,0.3603,1
0.0,0.0,0.3603,1
0.0,0.0465,0.3603,1
0.0,0.0465,0.3609,1
0.2727,0.0465,0.3609,1
0.0,0.0465,0.2969,1
0.09090000000000001,0.0,0.3609,1
0.0,0.0233,0.3603,1
0.0,0.0,0.3603,1
0.0,0.0,0.3603,1
0.0,0.0233,0.3603,1
0.0,0.0233,0.3609,1
0.0,0.0698,0.3603,1
0.09090000000000001,0.0233,0.3603,1
0.0,0.3023,0.344,1
0.09090000000000001,0.0233,0.3603,1
0.0,0.1628,0.3603,1
0.0,0.093,0.3603,1
0.0,0.0,0.3603,1
0.0,0.0233,0.3603,1
0.0,0.093,0.3464,1
0.09090000000000001,0.1163,0.3603,1
0.0,0.0,0.3603,1
0.0,0.20929999999999999,0.3603,1
0.0,0.0465,0.3603,1
0.0,0.0233,0.3603,1
0.0,0.0,0.3603,1
0.0,0.0465,0.3549,1
0.0,0.0,0.3603,1
0.0,0.0,0.3609,1
0.09090000000000001,0.1163,0.3603,1
0.0,0.0233,0.3609,1
0.0,0.0233,0.3603,1
0.0,0.1163,0.3609,1
0.0,0.4419,0.3422,1
0.09090000000000001,0.0233,0.3603,1
0.0,0.0233,0.3609,1
0.0,0.0,0.3603,1
0.0,0.0,0.3603,1
0.0,0.0698,0.3603,1
0.0,0.0,0.3603,1
0.0,0.0,0.3609,1
0.0,0.0,0.3609,1
0.0,0.0,0.3609,1
0.0,0.0233,0.3603,1
0.0,0.0233,0.3609,1
0.09090000000000001,0.2326,0.3603,1
0.0,0.41859999999999997,0.3603,1
0.0,0.0698,0.3603,1
0.0,0.7674,0.3603,1
0.0,0.0,0.3603,1
0.0,0.0,0.3585,1
0.0,0.1628,0.3603,1
0.0,0.0,0.3603,1
0.0,0.0233,0.3144,1
0.0,0.0233,0.3464,1
0.0,0.0,0.3591,1
0.0,0.0233,0.3821,1
0.0,0.0,0.3609,1
0.0,0.0,0.3603,1
0.0,0.0465,0.3603,1
0.0,0.1628,0.3603,1
0.0,0.0465,0.4371,1
0.0,0.41859999999999997,0.3603,1
0.0,0.0,0.3603,1
0.0,0.0233,0.3603,1
0.0,0.0465,0.3603,1
0.0,0.0233,0.3609,1
0.09090000000000001,0.0,0.3603,1
0.0,0.0233,0.3815,1
0.0,0.1395,0.3609,1
0.0,0.0,0.3603,1
0.0,0.1395,0.3603,1
0.0,0.0465,0.3603,1
0.09090000000000001,0.186,0.3603,1
0.0,0.0465,0.3609,1
0.0,0.1395,0.3603,1
0.0,0.0233,0.3603,1
0.0,0.0,0.3609,1
0.0,0.0233,0.27690000000000003,1
0.0,0.0233,0.3609,1
0.09090000000000001,0.3721,0.3603,1
0.0,0.0233,0.3603,1
0.0,0.0465,0.35250000000000004,1
0.09090000000000001,0.0465,0.3603,1
0.0,0.1163,0.3603,1
0.0,0.2558,0.3603,1
0.0,0.1163,0.3603,1
0.09090000000000001,0.0,0.3609,1
0.0,0.0233,0.3603,1
0.0,0.0,0.3609,1
0.0,0.0465,0.3603,1
0.0,0.0233,0.35009999999999997,1
0.0,0.0233,0.3603,1
0.0,0.0233,0.3603,1
0.0,0.0233,0.3603,1
0.0,0.2558,0.3609,1
0.0,0.0,0.3603,1
0.0,0.0465,0.3603,1
0.0,0.0,0.3603,1
0.0,0.0698,0.3603,1
0.0,0.0698,0.3603,1
0.0,0.1628,0.34950000000000003,1
0.0,0.0,0.3609,1
0.0,0.0233,0.3603,1
0.0,0.0465,0.3603,1
0.0,0.0,0.3603,1
0.0,0.0,0.3603,1
0.0,0.0233,0.3295,1
0.0,0.0233,0.3603,1
0.0,0.0,0.3591,1
0.0,0.0,0.3591,1
0.0,0.0233,0.3603,1
0.0,0.0,0.3609,1
0.0,0.0,0.3603,1
0.0,0.0233,0.3591,1
0.0,0.2558,0.3603,1
0.0,0.1163,0.3609,1
0.0,0.0233,0.3609,1
0.0,0.0,0.3603,1
0.0,0.093,0.3603,1
0.0,0.0,0.3609,1
0.09090000000000001,0.093,0.3603,1
0.0,0.0233,0.3603,1
0.18180000000000002,0.0465,0.4033,1
0.0,0.0465,0.3585,1
0.0,0.1163,0.3603,1
0.0,0.0465,0.3603,1
0.0,0.0465,0.3597,1
0.0,0.0233,0.3603,1
0.0,0.186,0.3603,1
0.0,0.0,0.3603,1
0.0,0.0233,0.3603,1
0.0,0.0,0.3609,1
0.0,0.5349,0.3603,1
0.0,0.0,0.3609,1
0.0,0.0233,0.3609,1
0.0,0.0,0.3603,1
0.0,0.0465,0.3609,1
0.0,0.0233,0.321,1
0.0,0.0,0.3603,1
0.0,0.093,0.3609,1
0.0,0.1395,0.3603,1
0.18180000000000002,0.0698,0.3386,1
0.0,0.0,0.3609,1
0.0,0.1628,0.5169,1
0.0,0.0233,0.3476,1
0.0,0.0465,0.3609,1
0.09090000000000001,0.20929999999999999,0.3567,1
0.0,0.0,0.3603,1
0.0,0.0465,0.3609,1
0.0,0.0465,0.3603,1
0.0,0.093,0.3609,1
0.0,0.1395,0.3603,1
0.0,0.093,0.3603,1
0.0,0.0,0.3597,1
0.0,0.0,0.3603,1
0.0,0.186,0.3603,1
0.0,0.093,0.3603,1
0.0,0.0698,0.3603,1
0.0,0.1395,0.3603,1
0.0,0.186,0.3603,1
0.0,0.0233,0.35250000000000004,1
0.09090000000000001,0.2791,0.3609,1
0.0,0.2558,0.3416,1
0.0,0.0698,0.3609,1
0.0,0.0465,0.3603,1
0.0,0.0,0.3603,1
0.0,0.0233,0.3603,1
0.0,0.0,0.3603,1
0.0,0.1395,0.3204,1
0.0,0.1163,0.3059,1
0.0,0.4651,0.3603,1
0.0,0.0233,0.3603,1
0.0,0.0233,0.3603,1
0.0,0.0,0.3591,1
0.0,0.0233,0.3349,1
0.0,0.0233,0.3603,1
0.0,0.0233,0.3821,1
0.0,0.0698,0.3603,1
0.0,0.0465,0.3603,1
0.0,0.0465,0.3603,1
0.0,0.0,0.3603,1
0.0,0.2791,0.3609,1
0.0,0.0,0.3609,1
0.0,0.3256,0.3603,1
0.0,0.0698,0.3603,1
0.0,0.0233,0.3386,1
0.0,0.0233,0.3603,1
0.0,0.0,0.3603,1
0.0,0.0,0.3603,1
0.0,0.1628,0.3603,1
0.0,0.0233,0.35250000000000004,1
0.0,0.0233,0.3603,1
0.0,0.0465,0.32889999999999997,1
0.0,0.0,0.3603,1
0.0,0.0,0.3609,1
0.0,0.0233,0.3603,1
0.0,0.2326,0.5097,1
0.0,0.1163,0.4323,1
0.0,0.1395,0.3603,1
0.0,0.0233,0.3603,1
0.0,0.20929999999999999,0.3609,1
0.0,0.0465,0.3603,1
0.0,0.0,0.3603,1
0.0,0.093,0.32530000000000003,1
0.0,0.0233,0.3603,1
0.0,0.0,0.3603,1
0.0,0.1163,0.3603,1
0.0,0.0233,0.3603,1
0.0,0.0698,0.3482,1
0.0,0.0,0.3603,1
0.0,0.1628,0.3609,1
0.0,0.0,0.3603,1
0.0,0.0233,0.3609,1
0.0,0.0465,0.3519,1
0.0,0.2791,0.3603,1
0.0,0.0,0.3609,1
0.0,0.0233,0.3603,1
0.0,0.0233,0.3603,1
0.0,0.0,0.3603,1
0.0,0.3023,0.35309999999999997,1
0.0,0.0,0.3585,1
0.0,0.1395,0.35609999999999997,1
0.0,0.0,0.3609,1
0.0,0.186,0.3603,1
0.0,0.0,0.3603,1
0.0,0.0,0.3603,1
0.09090000000000001,0.2558,0.3609,1
0.0,0.0233,0.3597,1
0.0,0.0,0.3603,1
0.0,0.0465,0.3603,1
0.0,0.0233,0.3392,1
0.0,0.2791,0.3368,1
0.0,0.0,0.3603,1
0.0,0.0,0.3603,1
0.0,0.0233,0.24609999999999999,1
0.0,0.0,0.3603,1
0.0,0.0698,0.3603,1
0.0,0.0,0.3609,1
0.0,0.0,0.3609,1
0.0,0.1163,0.3603,1
0.0,0.20929999999999999,0.3603,1
0.0,0.0,0.3609,1
0.0,0.1628,0.3609,1
0.0,0.3953,0.4952,1
0.0,0.0,0.3603,1
0.0,0.0465,0.3198,1
0.0,0.0,0.3603,1
0.0,0.0465,0.3096,1
0.0,0.0,0.3603,1
0.0,0.093,0.3579,1
0.0,0.0,0.3603,1
0.0,0.1163,0.4129,1
0.0,0.0233,0.3603,1
0.0,0.0,0.3603,1
0.0,0.4651,0.3609,1
0.0,0.0,0.3603,1
0.0,0.2558,0.3603,1
0.0,0.0233,0.3603,1
0.0,0.0,0.3603,1
0.0,0.0233,0.3603,1
0.0,0.20929999999999999,0.3331,1
0.0,0.0233,0.3603,1
0.0,0.1395,0.3603,1
0.0,0.0465,0.3603,1
0.0,0.1628,0.3603,1
0.0,0.0465,0.39,1
0.09090000000000001,0.20929999999999999,0.156,1
0.0,0.0,0.3603,1
0.0,0.0698,0.4002,1
0.0,0.093,0.3603,1
0.0,0.0,0.3603,1
0.0,0.20929999999999999,0.3603,1
0.0,0.0233,0.35009999999999997,1
0.0,0.186,0.3603,1
0.09090000000000001,0.20929999999999999,0.3603,1
0.0,0.2326,0.32589999999999997,1
0.0,0.1628,0.3603,1
0.0,0.6047,0.3603,1
0.0,0.0233,0.3603,1
0.0,0.0698,0.3603,1
0.0,0.0,0.3603,1
0.0,0.0,0.3603,1
0.09090000000000001,0.0233,0.3603,1
0.0,0.0,0.3609,1
0.0,0.0,0.3603,1
0.0,0.0465,0.29259999999999997,1
0.0,0.0233,0.3603,1
0.0,0.0,0.3603,1
0.0,0.0233,0.3603,1
0.0,0.0233,0.3609,1
0.0,0.093,0.3603,1
0.0,0.186,0.3603,1
0.0,0.1628,0.3603,1
0.0,0.1628,0.3446,1
0.0,0.0233,0.3609,1
0.0,0.0,0.3603,1
0.0,0.7674,0.3609,1
0.0,0.0233,0.3609,1
0.0,0.0,0.3603,1
0.0,0.1395,0.3603,1
0.0,0.0,0.3603,1
0.0,0.20929999999999999,0.3186,1
0.0,0.20929999999999999,0.3603,1
0.0,0.0465,0.3609,1
0.0,0.0698,0.5417,1
0.0,0.0,0.3597,1
0.0,0.0,0.3609,1
0.0,0.3256,0.3603,1
0.0,0.093,0.3464,1
0.0,0.1163,0.3603,1
0.36360000000000003,0.0465,0.3609,1
0.0,0.0465,0.3428,1
0.0,0.0,0.3609,1
0.0,0.186,0.3603,1
0.0,0.2558,0.3603,1
0.0,0.0233,0.3603,1
0.0,0.1163,0.3603,1
0.0,0.0,0.3603,1
0.09090000000000001,0.2558,0.3603,1
0.0,0.0465,0.3603,1
0.0,0.0,0.3603,1
0.0,0.0,0.3609,1
0.0,0.5116,0.3603,1
0.0,0.20929999999999999,0.3609,1
0.0,0.0233,0.3609,1
0.0,0.0,0.3603,1
0.0,0.0233,0.3603,1
0.0,0.0,0.3603,1
0.0,0.0698,0.3476,1
0.0,0.0,0.3597,1
0.0,0.0,0.3603,1
0.0,0.0233,0.3603,1
0.0,0.0,0.3603,1
0.0,0.0,0.3603,1
0.0,0.20929999999999999,0.3603,1
0.0,0.0,0.3603,1
0.0,0.3023,0.3603,1
0.0,0.0698,0.3603,1
0.0,0.093,0.3603,1
0.0,0.0465,0.3603,1
0.0,0.0233,0.3609,1
0.0,0.0465,0.3603,1
0.0,0.0233,0.3603,1
0.0,0.0233,0.3603,1
0.0,0.0698,0.3603,1
0.0,0.1395,0.3603,1
0.0,0.093,0.3603,1
0.0,0.0698,0.3603,1
0.0,0.0233,0.3603,1
0.0,0.0,0.3603,1
0.0,0.0233,0.3603,1
0.0,0.5814,0.3603,1
0.0,0.0465,0.36519999999999997,1
0.0,0.0233,0.27690000000000003,1
0.0,0.2326,0.3603,1
0.09090000000000001,0.0233,0.3597,1
0.0,0.0465,0.3265,1
0.0,0.20929999999999999,0.3609,1
0.0,0.0,0.3609,1
0.0,0.2791,0.3603,1
0.0,0.0,0.3585,1
0.0,0.0698,0.3609,1
0.0,0.1163,0.3609,1
0.0,0.0465,0.3603,1
0.0,0.0,0.3603,1
0.0,0.0,0.3609,1
0.0,0.0233,0.3603,1
0.0,0.0465,0.3603,1
0.0,0.0233,0.3609,1
0.0,0.5581,0.3603,1
0.0,0.1628,0.3603,1
0.0,0.0,0.3603,1
0.09090000000000001,0.1628,0.3603,1
0.0,0.0233,0.3609,1
0.0,0.0,0.3603,1
0.09090000000000001,0.093,0.3603,1
0.0,0.0233,0.3603,1
0.0,0.0465,0.3603,1
0.0,0.186,0.3603,1
0.0,0.0,0.3609,1
0.0,0.0,0.3603,1
0.0,0.1395,0.2944,1
0.0,0.0233,0.3603,1
0.0,0.0233,0.344,1
0.0,0.0,0.3609,1
0.0,0.0465,0.3609,1
0.09090000000000001,0.0465,0.3603,1
0.0,0.093,0.2993,1
0.0,0.0,0.3603,1
0.0,0.0,0.3603,1
0.0,0.0233,0.3537,1
0.0,0.0,0.3609,1
0.0,0.0,0.3609,1
0.0,0.0,0.3603,1
0.0,0.1395,0.40149999999999997,1
0.0,0.0,0.3609,1
0.0,0.0233,0.2781,1
0.0,0.186,0.3603,1
0.0,0.0698,0.3597,1
0.0,0.1163,0.3603,1
0.0,0.0233,0.3839,1
0.0,0.4884,0.35250000000000004,1
0.0,0.0,0.3597,1
0.0,0.0233,0.3603,1
0.0,0.2558,0.3609,1
0.0,0.2791,0.3609,1
0.0,0.3953,0.3603,1
0.0,0.1395,0.3603,1
0.0,0.186,0.3609,1
0.0,0.0,0.3603,1
0.0,0.0698,0.3609,1
0.0,0.093,0.3603,1
0.0,0.1163,0.3609,1
0.0,0.3488,0.3603,1
0.0,0.5116,0.4111,1
0.0,0.093,0.3452,1
0.0,0.0,0.3609,1
0.0,0.186,0.3603,1
0.0,0.0465,0.3603,1
0.0,0.0,0.3609,1
0.0,0.0465,0.3482,1
0.0,0.20929999999999999,0.4051,1
0.0,0.41859999999999997,0.3609,1
0.0,0.0,0.3603,1
0.0,0.0,0.3603,1
0.0,0.0,0.3603,1
0.0,0.0233,0.3603,1
0.0,0.1628,0.3609,1
0.09090000000000001,0.0,0.3609,1
0.0,0.0,0.3609,1
0.0,0.0,0.3603,1
0.0,0.0,0.3609,1
0.0,0.0,0.3603,1
0.0,0.0,0.3603,1
0.0,0.0,0.3603,1
0.0,0.0233,0.35009999999999997,1
0.0,0.0465,0.3609,1
0.0,0.0,0.3603,1
0.0,0.0233,0.3482,1
0.0,0.0,0.3603,1
0.0,0.093,0.3603,1
0.0,0.0233,0.3603,1
0.0,0.0,0.3609,1
0.0,0.0,0.3603,1
0.0,0.0698,0.3603,1
0.0,0.0,0.3603,1
0.0,0.0233,0.3247,1
0.0,0.0233,0.3603,1
0.0,0.3023,0.3603,1
0.0,0.3953,0.3603,1
0.0,0.0,0.3603,1
0.0,0.186,0.347,1
0.09090000000000001,0.1628,0.4238,1
0.0,0.4651,0.3603,1
0.0,0.0,0.3603,1
0.0,0.1395,0.3603,1
0.0,0.1163,0.3609,1
0.0,0.0233,0.4746,1
0.0,0.0233,0.3609,1
0.0,0.1163,0.5,1
0.0,0.0233,0.3603,1
0.0,0.20929999999999999,0.3603,1
0.0,0.0,0.3603,1
0.0,0.0465,0.3222,1
0.0,0.0465,0.3603,1
0.0,0.0698,0.3603,1
0.0,0.0465,0.3035,1
0.0,0.0465,0.2811,1
0.0,0.1163,0.5496,1
0.0,0.41859999999999997,0.3609,1
0.0,0.093,0.3603,1
0.0,0.0,0.3603,1
0.0,0.0,0.3603,1
0.0,0.0233,0.3579,1
0.09090000000000001,0.093,0.3603,1
0.0,0.0,0.3597,1
0.0,0.1395,0.3603,1
0.0,0.2558,0.3603,1
0.0,0.0465,0.3603,1
0.0,0.0,0.3603,1
0.09090000000000001,0.20929999999999999,0.3603,1
0.0,0.1395,0.35009999999999997,1
0.0,0.3721,0.3779,1
0.0,0.0,0.3603,1
0.0,0.093,0.3603,1
0.0,0.20929999999999999,0.3603,1
0.0,0.0233,0.3603,1
0.0,0.4884,0.4353,1
0.0,0.0465,0.24969999999999998,1
0.0,0.0233,0.4087,1
0.0,0.0,0.3603,1
0.0,0.0233,0.3609,1
0.0,0.0,0.3573,1
0.0,0.1163,0.549,1
0.09090000000000001,0.0233,0.3603,1
0.0,0.0698,0.3603,1
0.0,0.0233,0.653,1
0.0,0.20929999999999999,0.3603,1
0.0,0.3488,0.3603,1
0.0,0.3721,0.3603,1
0.0,0.0465,0.3603,1
0.09090000000000001,0.0,0.3603,1
0.0,0.0,0.3603,1
0.0,0.0,0.3603,1
0.0,0.0233,0.3603,1
0.0,0.2326,0.3603,1
0.0,0.0698,0.3603,1
0.0,0.0,0.3603,1
0.0,0.0233,0.3603,1
0.0,0.2558,0.3603,1
0.09090000000000001,0.093,0.3603,1
0.0,0.3023,0.3609,1
0.0,0.0465,0.3603,1
0.0,0.0233,0.3313,1
0.0,0.0465,0.3603,1
0.0,0.093,0.32889999999999997,1
0.0,0.3256,0.3603,1
0.0,0.0465,0.26839999999999997,1
0.0,0.0233,0.3603,1
0.0,0.0,0.3603,1
0.0,0.186,0.3603,1
0.0,0.093,0.3603,1
0.0,0.0698,0.3603,1
0.0,0.0465,0.3603,1
0.18180000000000002,0.0465,0.7001,1
0.0,0.0,0.3603,1
0.0,0.0,0.3603,1
0.0,0.093,0.3603,1
0.0,0.0465,0.3603,1
0.0,0.0233,0.3482,1
0.0,0.0465,0.3603,1
0.0,0.0233,0.3603,1
0.0,0.0698,0.347,1
0.0,0.1395,0.3603,1
0.0,0.0465,0.3603,1
0.0,0.0,0.3603,1
0.0,0.2326,0.3603,1
0.0,0.0233,0.3603,1
0.0,0.0233,0.3609,1
0.2727,0.4884,0.3609,1
0.0,0.0465,0.3603,1
0.0,0.0,0.3603,1
0.0,0.0233,0.3543,1
0.0,0.0,0.3603,1
0.0,0.0465,0.3609,1
0.0,0.0233,0.3609,1
0.0,0.0233,0.3585,1
0.0,0.0233,0.3603,1
0.0,0.0465,0.3603,1
0.0,0.0,0.3603,1
0.0,0.0,0.3603,1
0.0,0.0,0.3603,1
0.0,0.0233,0.3126,1
0.0,0.0,0.3603,1
0.09090000000000001,0.0,0.3603,1
0.0,0.0698,0.3603,1
0.0,0.0233,0.3603,1
0.0,0.0,0.3603,1
0.09090000000000001,0.0698,0.3609,1
0.0,0.0,0.3609,1
0.09090000000000001,0.41859999999999997,0.3609,1
0.09090000000000001,0.0,0.3603,1
0.0,0.0233,0.3591,1
0.09090000000000001,0.0698,0.3609,1
0.0,0.1163,0.3755,1
0.0,0.0,0.3603,1
0.0,0.1163,0.3603,1
0.0,0.0233,0.3549,1
0.0,0.093,0.3609,1
0.0,0.0465,0.3603,1
0.0,0.0465,0.3609,1
0.0,0.0233,0.3609,1
0.0,0.20929999999999999,0.3603,1
0.0,0.3953,0.3603,1
0.0,0.2558,0.3609,1
0.0,0.0465,0.3603,1
0.0,0.0,0.3603,1
0.0,0.0,0.3603,1
0.0,0.0698,0.3603,1
0.0,0.0,0.3609,1
0.0,0.0698,0.3603,1
0.0,0.0,0.3603,1
0.0,0.0,0.3603,1
0.09090000000000001,0.1163,0.3603,1
0.0,0.0,0.3603,1
0.18180000000000002,0.2791,0.3603,1
0.0,0.1163,0.3549,1
0.0,0.0233,0.3603,1
0.0,0.3023,0.4577,1
0.0,0.0698,0.3603,1
0.0,0.1628,0.3603,1
0.0,0.0233,0.3603,1
0.0,0.0,0.3603,1
0.0,0.0698,0.3603,1
0.0,0.0465,0.3597,1
0.0,0.0,0.3603,1
0.0,0.0233,0.3579,1
0.0,0.0698,0.3603,1
0.0,0.0698,0.3603,1
0.0,0.0465,0.3603,1
0.0,0.0465,0.4879,1
0.0,0.0698,0.3609,1
0.0,0.41859999999999997,0.2932,1
0.0,0.0465,0.3609,1
0.0,0.0,0.3597,1
0.0,0.0,0.3603,1
0.0,0.0,0.3609,1
0.09090000000000001,0.0465,0.3609,1
0.0,0.0233,0.3603,1
0.0,0.4884,0.3609,1
0.0,0.0233,0.3603,1
0.0,0.0,0.3609,1
0.0,0.093,0.3603,1
0.0,0.0,0.3603,1
0.0,0.186,0.3609,1
0.0,0.0465,0.3519,1
0.0,0.4651,0.3609,1
0.0,0.0,0.3362,1
0.0,0.0698,0.3603,1
0.0,0.0,0.3597,1
0.0,0.1628,0.3609,1
0.0,0.0698,0.5206,1
0.0,0.0233,0.3603,1
0.0,0.0465,0.3609,1
0.18180000000000002,0.0,0.3603,1
0.09090000000000001,0.0233,0.3603,1
0.0,0.1628,0.3603,1
0.0,0.0233,0.3603,1
0.0,0.0,0.3603,1
0.09090000000000001,0.186,0.48,1
0.0,0.0233,0.3609,1
0.0,0.3023,0.3603,1
0.0,0.0,0.3603,1
0.0,0.0,0.3603,1
0.0,0.0,0.3597,1
0.0,0.0,0.3609,1
0.0,0.0,0.3603,1
0.0,0.5349,0.3603,1
0.0,0.0,0.3603,1
0.0,0.0698,0.3603,1
0.0,0.0,0.3603,1
0.0,0.0698,0.3603,1
0.0,0.2791,0.3609,1
0.0,0.0,0.3609,1
0.0,0.0233,0.3603,1
0.0,0.2326,0.33799999999999997,1
0.0,0.0698,0.3573,1
0.0,0.0233,0.3603,1
0.0,0.093,0.3603,1
0.0,0.2791,0.30169999999999997,1
0.36360000000000003,0.0465,0.3603,1
0.0,0.0233,0.3549,1
0.0,0.0,0.3603,1
0.0,0.0465,0.3603,1
0.18180000000000002,0.0698,0.3452,1
0.0,0.0465,0.3609,1
0.09090000000000001,0.5116,0.34040000000000004,1
0.0,0.0465,0.3603,1
0.09090000000000001,0.0698,0.3603,1
0.0,0.0,0.3609,1
0.0,0.2791,0.3603,1
0.0,0.0,0.3603,1
0.0,0.1628,0.3609,1
0.0,0.1395,0.3603,1
0.0,0.0,0.3609,1
0.09090000000000001,0.0,0.3603,1
0.0,0.2791,0.3464,1
0.0,0.0233,0.3609,1
0.0,0.0233,0.3603,1
0.0,0.0,0.3603,1
0.09090000000000001,0.2791,0.3603,1
0.0,0.0,0.3603,1
0.0,0.0233,0.3603,1
0.0,0.0,0.3603,1
0.0,0.1163,0.3603,1
0.0,0.093,0.3603,1
0.0,0.0233,0.3603,1
0.0,0.0,0.3609,1
0.09090000000000001,0.20929999999999999,0.3603,1
0.0,0.0233,0.3603,1
0.0,0.0233,0.3609,1
0.0,0.0233,0.3603,1
0.0,0.0465,0.3603,1
0.0,0.093,0.3609,1
0.0,0.0,0.3609,1
0.0,0.2326,0.3609,1
0.0,0.0698,0.3603,1
0.0,0.0465,0.3603,1
0.0,0.0,0.3603,1
0.0,0.0,0.3609,1
0.0,0.0,0.3603,1
0.0,0.20929999999999999,0.3609,1
0.0,0.0233,0.3603,1
0.0,0.0233,0.3603,1
0.09090000000000001,0.0,0.3603,1
0.0,0.0465,0.3603,1
0.0,0.0,0.3603,1
0.0,0.1395,0.3603,1
0.0,0.2326,0.3295,1
0.0,0.1395,0.3603,1
0.0,0.0698,0.3609,1
0.0,0.0465,0.3603,1
0.0,0.0465,0.3603,1
0.0,0.2326,0.3609,1
0.0,0.3023,0.3603,1
0.0,0.1163,0.3603,1
0.0,0.0465,0.3603,1
0.0,0.1395,0.3603,1
0.0,0.0465,0.3609,1
0.0,0.0,0.3609,1
0.0,0.1395,0.3603,1
0.0,0.093,0.3603,1
0.0,0.0465,0.3694,1
0.09090000000000001,0.3721,0.3603,1
0.0,0.0,0.3609,1
0.0,0.0,0.3603,1
0.0,0.0698,0.4256,1
0.0,0.1628,0.3603,1
0.0,0.0465,0.3603,1
0.0,0.0,0.3603,1
0.0,0.0,0.3585,1
0.0,0.1163,0.3585,1
0.0,0.1395,0.3603,1
0.0,0.0698,0.3482,1
0.0,0.0698,0.3603,1
0.0,0.0,0.3609,1
0.0,0.093,0.3603,1
0.0,0.0,0.3603,1
0.09090000000000001,0.3721,0.3603,1
0.0,0.0233,0.3603,1
0.0,0.0233,0.3603,1
0.0,0.0233,0.3603,1
0.0,0.3023,0.3603,1
0.0,0.0233,0.3609,1
0.0,0.0233,0.3204,1
0.0,0.0698,0.3603,1
0.0,0.0698,0.3603,1
0.0,0.1628,0.3609,1
0.0,0.0,0.3603,1
0.0,0.1163,0.3603,1
0.0,0.0233,0.3603,1
0.0,0.0,0.3603,1
0.0,0.1628,0.3603,1
0.0,0.0698,0.3609,1
0.0,0.1628,0.3603,1
0.18180000000000002,0.0233,0.3603,1
0.0,0.0233,0.31320000000000003,1
0.0,0.0,0.3603,1
0.0,0.0233,0.3422,1
0.0,0.0698,0.3482,1
0.0,0.0,0.3603,1
0.0,0.0465,0.3597,1
0.0,0.0233,0.3597,1
0.0,0.0,0.3603,1
0.0,0.0233,0.3603,1
0.0,0.0,0.3603,1
0.0,0.0,0.3603,1
0.0,0.1395,0.3603,1
0.0,0.0233,0.3609,1
0.0,0.0465,0.3603,1
0.0,0.0233,0.3603,1
0.0,0.1628,0.3603,1
0.4545,0.3953,0.3603,1
0.0,0.0233,0.3827,1
0.0,0.0,0.3609,1
0.0,0.0,0.3603,1
0.0,0.0,0.3603,1
0.0,0.6744,0.3603,1
0.0,0.0233,0.35609999999999997,1
0.09090000000000001,0.1163,0.3603,1
0.09090000000000001,0.20929999999999999,0.3603,1
0.0,0.0233,0.3609,1
0.0,0.0233,0.3609,1
0.0,0.0698,0.344,1
0.09090000000000001,0.1395,0.3603,1
0.0,0.0233,0.3585,1
0.0,0.3023,0.3603,1
0.09090000000000001,0.093,0.3609,1
0.0,0.3023,0.3603,1
0.0,0.0,0.3591,1
0.0,0.0,0.3603,1
0.0,0.0,0.3603,1
0.0,0.0,0.3603,1
0.0,0.093,0.3603,1
0.0,0.0,0.3609,1
0.0,0.1628,0.3603,1
0.0,0.3256,0.31320000000000003,1
0.0,0.0465,0.5085,1
0.0,0.0465,0.3603,1
0.0,0.0,0.3603,1
0.0,0.093,0.3603,1
0.0,0.0,0.3603,1
0.0,0.0233,0.3609,1
0.0,0.0233,0.3603,1
0.0,0.3721,0.3609,1
0.0,0.1395,0.3603,1
0.0,0.1163,0.3603,1
0.0,0.1395,0.3603,1
0.09090000000000001,0.4419,0.3603,1
0.0,0.20929999999999999,0.3603,1
0.0,0.0465,0.3192,1
0.0,0.0,0.3603,1
0.09090000000000001,0.0,0.3609,1
0.0,0.0,0.3603,1
0.0,0.0,0.3603,1
0.18180000000000002,0.0,0.3603,1
0.0,0.0465,0.3603,1
0.0,0.1395,0.3603,1
0.09090000000000001,0.1163,0.3603,1
0.0,0.0233,0.4202,1
0.0,0.0,0.3603,1
0.0,0.0465,0.3579,1
0.0,0.093,0.3603,1
0.0,0.093,0.3603,1
0.0,0.0,0.3567,1
0.0,0.0233,0.3416,1
0.0,0.0233,0.35550000000000004,1
0.0,0.0,0.3603,1
0.0,0.0,0.3603,1
0.0,0.0,0.3603,1
0.0,0.0465,0.3603,1
0.0,0.0,0.3603,1
0.0,0.1628,0.3609,1
0.0,0.0233,0.3597,1
0.0,0.1395,0.3603,1
0.0,0.0,0.3609,1
0.0,0.0233,0.3549,1
0.0,0.0233,0.3603,1
0.0,0.0233,0.3609,1
0.0,0.0,0.3609,1
0.0,0.0465,0.3476,1
0.0,0.0233,0.3609,1
0.0,0.20929999999999999,0.3603,1
0.09090000000000001,0.0233,0.3603,1
0.0,0.0233,0.5042,1
0.0,0.20929999999999999,0.3609,1
0.0,0.093,0.3446,1
0.0,0.0233,0.3597,1
0.0,0.1163,0.3603,1
0.0,0.0,0.3603,1
0.0,0.0233,0.3603,1
0.0,0.0233,0.3597,1
0.09090000000000001,0.186,0.3603,1
0.0,0.0,0.3603,1
0.0,0.0,0.3609,1
0.0,0.2326,0.3603,1
0.0,0.0,0.3603,1
0.0,0.0,0.3609,1
0.0,0.093,0.6233,1
0.09090000000000001,0.1628,0.3603,1
0.09090000000000001,0.0465,0.3609,1
0.0,0.0,0.3603,1
0.0,0.0465,0.3603,1
0.0,0.0,0.3603,1
0.0,0.0465,0.3513,1
0.0,0.0698,0.3398,1
0.0,0.0,0.3567,1
0.0,0.0465,0.3603,1
0.0,0.4419,0.3603,1
0.0,0.0,0.3603,1
0.0,0.0465,0.3603,1
0.0,0.0233,0.3609,1
0.0,0.0465,0.3603,1
0.0,0.093,0.3609,1
0.0,0.3488,0.3603,1
0.0,0.0,0.3603,1
0.0,0.0233,0.3603,1
0.0,0.0698,0.3609,1
0.0,0.0,0.3609,1
0.0,0.3488,0.3609,1
0.0,0.0233,0.3609,1
0.0,0.0,0.3603,1
0.0,0.0465,0.3603,1
0.0,0.1628,0.3603,1
0.0,0.0,0.3609,1
0.0,0.0,0.3603,1
0.09090000000000001,0.0,0.3609,1
0.0,0.0,0.3603,1
0.0,0.3256,0.3603,1
0.0,0.2558,0.3603,1
0.0,0.0698,0.3603,1
0.0,0.0698,0.3603,1
0.0,0.0233,0.3114,1
0.0,0.4651,0.2267,1
0.0,0.20929999999999999,0.3198,1
0.0,0.5814,0.3785,1
0.0,0.1163,0.3597,1
0.0,0.41859999999999997,0.3603,1
0.0,0.0,0.3603,1
0.0,0.0465,0.3609,1
0.09090000000000001,0.0233,0.4353,1
0.0,0.093,0.3603,1
0.0,0.093,0.3464,1
0.0,0.6977,0.3271,1
0.0,0.0,0.3609,1
0.0,0.0,0.3603,1
0.0,0.0,0.3609,1
0.0,0.0233,0.3609,1
0.0,0.3488,0.3603,1
0.0,0.20929999999999999,0.3609,1
0.0,0.0,0.3603,1
0.0,0.2326,0.3603,1
0.09090000000000001,0.1395,0.3603,1
0.0,0.0,0.3603,1
0.0,0.0,0.3603,1
0.0,0.1163,0.3603,1
0.0,0.1163,0.3603,1
0.0,0.0233,0.3609,1
0.0,0.0,0.3609,1
0.0,0.0,0.3603,1
0.09090000000000001,0.2791,0.3603,1
0.0,0.0233,0.3603,1
0.0,0.0698,0.3603,1
0.0,0.2558,0.3603,1
0.0,0.0465,0.3603,1
0.0,0.0465,0.2237,1
0.0,0.0,0.3603,1
0.0,0.0465,0.3603,1
0.0,0.0,0.3603,1
0.0,0.0233,0.3603,1
0.09090000000000001,0.0233,0.3609,1
0.0,0.2791,0.3603,1
0.0,0.1163,0.3603,1
0.0,0.0,0.3603,1
0.0,0.2326,0.3603,1
0.0,0.186,0.3833,1
0.0,0.093,0.3476,1
0.0,0.0698,0.3603,1
0.0,0.0465,0.3597,1
0.0,0.0,0.3603,1
0.0,0.0,0.3603,1
0.0,0.0233,0.3603,1
0.0,0.3023,0.3609,1
0.0,0.0,0.3597,1
0.0,0.2326,0.3609,1
0.0,0.0,0.3603,1
0.0,0.093,0.3603,1
0.0,0.0,0.3597,1
0.0,0.0,0.3603,1
0.0,0.0465,0.3603,1
0.0,0.0233,0.3507,1
0.0,0.0,0.3603,1
0.0,0.0,0.3603,1
0.18180000000000002,0.0698,0.3603,1
0.0,0.0,0.3603,1
0.0,0.0,0.3603,1
0.0,0.20929999999999999,0.40449999999999997,1
0.0,0.0233,0.3609,1
0.0,0.0465,0.3603,1
0.0,0.0698,0.3603,1
0.0,0.0465,0.3603,1
0.0,0.0233,0.35250000000000004,1
0.0,0.0233,0.3609,1
0.0,0.0233,0.3603,1
0.0,0.0,0.3603,1
0.0,0.0,0.3597,1
0.0,0.0,0.3603,1
0.09090000000000001,0.0698,0.3603,1
0.0,0.0,0.3609,1
0.0,0.1163,0.3603,1
0.0,0.1163,0.3609,1
0.0,0.0233,0.3603,1
0.0,0.0698,0.3603,1
0.0,0.0465,0.3597,1
0.0,0.0233,0.3597,1
0.0,0.186,0.3603,1
0.0,0.1395,0.3609,1
0.0,0.0233,0.3464,1
0.0,0.20929999999999999,0.3609,1
0.0,0.0465,0.3452,1
0.0,0.0,0.3579,1
0.18180000000000002,0.0,0.3603,1
0.0,0.1395,0.3603,1
0.0,0.20929999999999999,0.3603,1
0.0,0.0,0.3609,1
0.0,0.1628,0.3603,1
0.0,0.0233,0.3603,1
0.0,0.0233,0.3603,1
0.0,0.3488,0.3603,1
0.0,0.0,0.3603,1
0.0,0.0,0.3603,1
0.0,0.0465,0.42810000000000004,1
0.0,0.0,0.3609,1
0.0,0.2326,0.3603,1
0.0,0.3721,0.3603,1
0.0,0.0465,0.3603,1
0.0,0.0233,0.3337,1
0.0,0.0233,0.3603,1
0.0,0.0465,0.3603,1
0.0,0.093,0.3603,1
0.0,0.186,0.3603,1
0.0,0.0,0.3603,1
0.0,0.0698,0.3603,1
0.0,0.0465,0.3603,1
0.0,0.0233,0.3603,1
0.0,0.1395,0.3603,1
0.0,0.2791,0.3603,1
0.0,0.186,0.3603,1
0.0,0.3488,0.2781,1
0.0,0.0,0.3603,1
0.0,0.0,0.3603,1
0.0,0.093,0.3603,1
0.0,0.0,0.3603,1
0.0,0.0233,0.3603,1
0.0,0.0,0.3603,1
0.0,0.0233,0.3603,1
0.0,0.0,0.3609,1
0.09090000000000001,0.0465,0.3603,1
0.0,0.0698,0.347,1
0.0,0.1163,0.3603,1
0.0,0.2326,0.3603,1
0.0,0.0233,0.3603,1
0.0,0.0,0.3609,1
0.0,0.3488,0.3603,1
0.0,0.0698,0.3603,1
0.0,0.0,0.3609,1
0.0,0.0,0.3603,1
0.0,0.2326,0.3368,1
0.0,0.0465,0.3609,1
0.0,0.2791,0.3603,1
0.0,0.0233,0.3603,1
0.0,0.3953,0.3603,1
0.0,0.0,0.3585,1
0.0,0.0233,0.3603,1
0.0,0.0,0.3597,1
0.0,0.0,0.3603,1
0.0,0.0,0.3609,1
0.0,0.0465,0.3603,1
0.0,0.186,0.3609,1
0.0,0.0,0.3603,1
0.2727,0.1395,0.3603,1
0.09090000000000001,0.2791,0.3603,1
0.0,0.0465,0.3609,1
0.0,0.20929999999999999,0.3603,1
0.0,0.0,0.3603,1
0.0,0.0233,0.3615,1
0.0,0.0233,0.3603,1
0.0,0.1163,0.3603,1
0.0,0.0233,0.3603,1
0.09090000000000001,0.3256,0.3857,1
0.0,0.0,0.3609,1
0.0,0.2326,0.3603,1
0.0,0.186,0.3313,1
0.0,0.0,0.3603,1
0.0,0.0465,0.31079999999999997,1
0.0,0.0,0.3603,1
0.0,0.0465,0.3313,1
0.0,0.0,0.3597,1
0.0,0.0698,0.3603,1
0.0,0.3256,0.31320000000000003,1
0.0,0.093,0.8126,1
0.0,0.093,0.33740000000000003,1
0.0,0.5116,0.3603,1
0.0,0.1395,0.3603,1
0.0,0.093,0.3603,1
0.0,0.0,0.3591,1
0.0,0.0465,0.3416,1
0.0,0.0,0.3603,1
0.0,0.0698,0.3603,1
0.0,0.0233,0.3422,1
0.0,0.0698,0.31079999999999997,1
0.0,0.4884,0.3603,1
0.0,0.0,0.3603,1
0.0,0.4419,0.3609,1
0.0,0.0,0.3603,1
0.0,0.1628,0.3603,1
0.0,0.0,0.3603,1
0.0,0.4651,0.3609,1
0.0,0.1395,0.3603,1
0.0,0.0,0.3603,1
0.0,0.0,0.3603,1
0.0,0.1395,0.3603,1
0.0,0.0,0.3603,1
0.0,0.0,0.3603,1
0.0,0.0,0.3603,1
